solid patch0
 facet normal 0.0179948 0.999838 -0
  outer loop
   vertex 0.394922 0.0288588 -1
   vertex 0.388883 0.0289675 -1
   vertex 0.394922 0.0288588 1
  endloop
 endfacet
 facet normal 0.0179948 0.999838 0
  outer loop
   vertex 0.394922 0.0288588 1
   vertex 0.388883 0.0289675 -1
   vertex 0.388883 0.0289675 1
  endloop
 endfacet
 facet normal 0.00967285 0.999953 -0
  outer loop
   vertex 0.346623 0.0295582 -1
   vertex 0.340589 0.0296166 -1
   vertex 0.346623 0.0295582 1
  endloop
 endfacet
 facet normal 0.00967285 0.999953 0
  outer loop
   vertex 0.346623 0.0295582 1
   vertex 0.340589 0.0296166 -1
   vertex 0.340589 0.0296166 1
  endloop
 endfacet
 facet normal 0.0036187 0.999993 -0
  outer loop
   vertex 0.316461 0.0297787 -1
   vertex 0.310431 0.0298005 -1
   vertex 0.316461 0.0297787 1
  endloop
 endfacet
 facet normal 0.0036187 0.999993 0
  outer loop
   vertex 0.316461 0.0297787 1
   vertex 0.310431 0.0298005 -1
   vertex 0.310431 0.0298005 1
  endloop
 endfacet
 facet normal -0.00179742 0.999998 0
  outer loop
   vertex 0.292349 0.0298181 -1
   vertex 0.286324 0.0298072 -1
   vertex 0.292349 0.0298181 1
  endloop
 endfacet
 facet normal -0.00179742 0.999998 0
  outer loop
   vertex 0.292349 0.0298181 1
   vertex 0.286324 0.0298072 -1
   vertex 0.286324 0.0298072 1
  endloop
 endfacet
 facet normal -0.00624808 0.99998 0
  outer loop
   vertex 0.274278 0.0297593 -1
   vertex 0.268257 0.0297216 -1
   vertex 0.274278 0.0297593 1
  endloop
 endfacet
 facet normal -0.00624808 0.99998 0
  outer loop
   vertex 0.274278 0.0297593 1
   vertex 0.268257 0.0297216 -1
   vertex 0.268257 0.0297216 1
  endloop
 endfacet
 facet normal -0.00942811 0.999956 0
  outer loop
   vertex 0.262238 0.0296746 -1
   vertex 0.25622 0.0296178 -1
   vertex 0.262238 0.0296746 1
  endloop
 endfacet
 facet normal -0.00942811 0.999956 0
  outer loop
   vertex 0.262238 0.0296746 1
   vertex 0.25622 0.0296178 -1
   vertex 0.25622 0.0296178 1
  endloop
 endfacet
 facet normal -0.0127916 0.999918 0
  outer loop
   vertex 0.250204 0.0295512 -1
   vertex 0.244189 0.0294742 -1
   vertex 0.250204 0.0295512 1
  endloop
 endfacet
 facet normal -0.0127916 0.999918 0
  outer loop
   vertex 0.250204 0.0295512 1
   vertex 0.244189 0.0294742 -1
   vertex 0.244189 0.0294742 1
  endloop
 endfacet
 facet normal -0.0182279 0.999834 0
  outer loop
   vertex 0.232166 0.0292884 -1
   vertex 0.226158 0.0291788 -1
   vertex 0.232166 0.0292884 1
  endloop
 endfacet
 facet normal -0.0182279 0.999834 0
  outer loop
   vertex 0.232166 0.0292884 1
   vertex 0.226158 0.0291788 -1
   vertex 0.226158 0.0291788 1
  endloop
 endfacet
 facet normal -0.0221454 0.999755 0
  outer loop
   vertex 0.220151 0.0290577 -1
   vertex 0.214148 0.0289248 -1
   vertex 0.220151 0.0290577 1
  endloop
 endfacet
 facet normal -0.0221454 0.999755 0
  outer loop
   vertex 0.220151 0.0290577 1
   vertex 0.214148 0.0289248 -1
   vertex 0.214148 0.0289248 1
  endloop
 endfacet
 facet normal -0.0263286 0.999653 0
  outer loop
   vertex 0.208146 0.0287795 -1
   vertex 0.202148 0.0286215 -1
   vertex 0.208146 0.0287795 1
  endloop
 endfacet
 facet normal -0.0263286 0.999653 0
  outer loop
   vertex 0.208146 0.0287795 1
   vertex 0.202148 0.0286215 -1
   vertex 0.202148 0.0286215 1
  endloop
 endfacet
 facet normal -0.0331779 0.999449 0
  outer loop
   vertex 0.19016 0.0282656 -1
   vertex 0.18417 0.0280668 -1
   vertex 0.19016 0.0282656 1
  endloop
 endfacet
 facet normal -0.0331779 0.999449 0
  outer loop
   vertex 0.19016 0.0282656 1
   vertex 0.18417 0.0280668 -1
   vertex 0.18417 0.0280668 1
  endloop
 endfacet
 facet normal -0.0755708 0.99714 0
  outer loop
   vertex 0.112696 0.0243476 -1
   vertex 0.106791 0.0239001 -1
   vertex 0.112696 0.0243476 1
  endloop
 endfacet
 facet normal -0.0755708 0.99714 0
  outer loop
   vertex 0.112696 0.0243476 1
   vertex 0.106791 0.0239001 -1
   vertex 0.106791 0.0239001 1
  endloop
 endfacet
 facet normal -0.0802404 0.996776 0
  outer loop
   vertex 0.106791 0.0239001 -1
   vertex 0.100899 0.0234258 -1
   vertex 0.106791 0.0239001 1
  endloop
 endfacet
 facet normal -0.0802404 0.996776 0
  outer loop
   vertex 0.106791 0.0239001 1
   vertex 0.100899 0.0234258 -1
   vertex 0.100899 0.0234258 1
  endloop
 endfacet
 facet normal -0.0852406 0.99636 0
  outer loop
   vertex 0.100899 0.0234258 -1
   vertex 0.0950211 0.0229229 -1
   vertex 0.100899 0.0234258 1
  endloop
 endfacet
 facet normal -0.0852406 0.99636 0
  outer loop
   vertex 0.100899 0.0234258 1
   vertex 0.0950211 0.0229229 -1
   vertex 0.0950211 0.0229229 1
  endloop
 endfacet
 facet normal -0.0906191 0.995886 0
  outer loop
   vertex 0.0950211 0.0229229 -1
   vertex 0.0891597 0.0223896 -1
   vertex 0.0950211 0.0229229 1
  endloop
 endfacet
 facet normal -0.0906191 0.995886 0
  outer loop
   vertex 0.0950211 0.0229229 1
   vertex 0.0891597 0.0223896 -1
   vertex 0.0891597 0.0223896 1
  endloop
 endfacet
 facet normal -0.0964259 0.99534 0
  outer loop
   vertex 0.0891597 0.0223896 -1
   vertex 0.0833173 0.0218236 -1
   vertex 0.0891597 0.0223896 1
  endloop
 endfacet
 facet normal -0.0964259 0.99534 0
  outer loop
   vertex 0.0891597 0.0223896 1
   vertex 0.0833173 0.0218236 -1
   vertex 0.0833173 0.0218236 1
  endloop
 endfacet
 facet normal -0.102734 0.994709 0
  outer loop
   vertex 0.0833173 0.0218236 -1
   vertex 0.0774973 0.0212225 -1
   vertex 0.0833173 0.0218236 1
  endloop
 endfacet
 facet normal -0.102734 0.994709 0
  outer loop
   vertex 0.0833173 0.0218236 1
   vertex 0.0774973 0.0212225 -1
   vertex 0.0774973 0.0212225 1
  endloop
 endfacet
 facet normal -0.109625 0.993973 0
  outer loop
   vertex 0.0774973 0.0212225 -1
   vertex 0.0717035 0.0205835 -1
   vertex 0.0774973 0.0212225 1
  endloop
 endfacet
 facet normal -0.109625 0.993973 0
  outer loop
   vertex 0.0774973 0.0212225 1
   vertex 0.0717035 0.0205835 -1
   vertex 0.0717035 0.0205835 1
  endloop
 endfacet
 facet normal -0.117208 0.993107 0
  outer loop
   vertex 0.0717035 0.0205835 -1
   vertex 0.0659413 0.0199034 -1
   vertex 0.0717035 0.0205835 1
  endloop
 endfacet
 facet normal -0.117208 0.993107 0
  outer loop
   vertex 0.0717035 0.0205835 1
   vertex 0.0659413 0.0199034 -1
   vertex 0.0659413 0.0199034 1
  endloop
 endfacet
 facet normal -0.125614 0.992079 0
  outer loop
   vertex 0.0659413 0.0199034 -1
   vertex 0.0602173 0.0191787 -1
   vertex 0.0659413 0.0199034 1
  endloop
 endfacet
 facet normal -0.125614 0.992079 0
  outer loop
   vertex 0.0659413 0.0199034 1
   vertex 0.0602173 0.0191787 -1
   vertex 0.0602173 0.0191787 1
  endloop
 endfacet
 facet normal -0.135015 0.990844 0
  outer loop
   vertex 0.0602173 0.0191787 -1
   vertex 0.0545407 0.0184052 -1
   vertex 0.0602173 0.0191787 1
  endloop
 endfacet
 facet normal -0.135015 0.990844 0
  outer loop
   vertex 0.0602173 0.0191787 1
   vertex 0.0545407 0.0184052 -1
   vertex 0.0545407 0.0184052 1
  endloop
 endfacet
 facet normal -0.145631 0.989339 0
  outer loop
   vertex 0.0545407 0.0184052 -1
   vertex 0.0489245 0.0175785 -1
   vertex 0.0545407 0.0184052 1
  endloop
 endfacet
 facet normal -0.145631 0.989339 0
  outer loop
   vertex 0.0545407 0.0184052 1
   vertex 0.0489245 0.0175785 -1
   vertex 0.0489245 0.0175785 1
  endloop
 endfacet
 facet normal -0.157754 0.987478 0
  outer loop
   vertex 0.0489245 0.0175785 -1
   vertex 0.0433875 0.0166939 -1
   vertex 0.0489245 0.0175785 1
  endloop
 endfacet
 facet normal -0.157754 0.987478 0
  outer loop
   vertex 0.0489245 0.0175785 1
   vertex 0.0433875 0.0166939 -1
   vertex 0.0433875 0.0166939 1
  endloop
 endfacet
 facet normal -0.171761 0.985139 0
  outer loop
   vertex 0.0433875 0.0166939 -1
   vertex 0.0379589 0.0157474 -1
   vertex 0.0433875 0.0166939 1
  endloop
 endfacet
 facet normal -0.171761 0.985139 0
  outer loop
   vertex 0.0433875 0.0166939 1
   vertex 0.0379589 0.0157474 -1
   vertex 0.0379589 0.0157474 1
  endloop
 endfacet
 facet normal -0.188139 0.982142 0
  outer loop
   vertex 0.0379589 0.0157474 -1
   vertex 0.0326856 0.0147373 -1
   vertex 0.0379589 0.0157474 1
  endloop
 endfacet
 facet normal -0.188139 0.982142 0
  outer loop
   vertex 0.0379589 0.0157474 1
   vertex 0.0326856 0.0147373 -1
   vertex 0.0326856 0.0147373 1
  endloop
 endfacet
 facet normal -0.207472 0.978241 0
  outer loop
   vertex 0.0326856 0.0147373 -1
   vertex 0.0276419 0.0136675 -1
   vertex 0.0326856 0.0147373 1
  endloop
 endfacet
 facet normal -0.207472 0.978241 0
  outer loop
   vertex 0.0326856 0.0147373 1
   vertex 0.0276419 0.0136675 -1
   vertex 0.0276419 0.0136675 1
  endloop
 endfacet
 facet normal -0.230376 0.973102 0
  outer loop
   vertex 0.0276419 0.0136675 -1
   vertex 0.0229381 0.012554 -1
   vertex 0.0276419 0.0136675 1
  endloop
 endfacet
 facet normal -0.230376 0.973102 0
  outer loop
   vertex 0.0276419 0.0136675 1
   vertex 0.0229381 0.012554 -1
   vertex 0.0229381 0.012554 1
  endloop
 endfacet
 facet normal -0.257338 0.966321 0
  outer loop
   vertex 0.0229381 0.012554 -1
   vertex 0.0187084 0.0114276 -1
   vertex 0.0229381 0.012554 1
  endloop
 endfacet
 facet normal -0.257338 0.966321 0
  outer loop
   vertex 0.0229381 0.012554 1
   vertex 0.0187084 0.0114276 -1
   vertex 0.0187084 0.0114276 1
  endloop
 endfacet
 facet normal -0.288495 0.957482 0
  outer loop
   vertex 0.0187084 0.0114276 -1
   vertex 0.0150631 0.0103292 -1
   vertex 0.0187084 0.0114276 1
  endloop
 endfacet
 facet normal -0.288495 0.957482 0
  outer loop
   vertex 0.0187084 0.0114276 1
   vertex 0.0150631 0.0103292 -1
   vertex 0.0150631 0.0103292 1
  endloop
 endfacet
 facet normal -0.323576 0.946202 0
  outer loop
   vertex 0.0150631 0.0103292 -1
   vertex 0.0120334 0.00929314 -1
   vertex 0.0150631 0.0103292 1
  endloop
 endfacet
 facet normal -0.323576 0.946202 0
  outer loop
   vertex 0.0150631 0.0103292 1
   vertex 0.0120334 0.00929314 -1
   vertex 0.0120334 0.00929314 1
  endloop
 endfacet
 facet normal -0.36217 0.932112 0
  outer loop
   vertex 0.0120334 0.00929314 -1
   vertex 0.00956758 0.00833504 -1
   vertex 0.0120334 0.00929314 1
  endloop
 endfacet
 facet normal -0.36217 0.932112 0
  outer loop
   vertex 0.0120334 0.00929314 1
   vertex 0.00956758 0.00833504 -1
   vertex 0.00956758 0.00833504 1
  endloop
 endfacet
 facet normal -0.404022 0.914749 0
  outer loop
   vertex 0.00956758 0.00833504 -1
   vertex 0.00757219 0.00745373 -1
   vertex 0.00956758 0.00833504 1
  endloop
 endfacet
 facet normal -0.404022 0.914749 0
  outer loop
   vertex 0.00956758 0.00833504 1
   vertex 0.00757219 0.00745373 -1
   vertex 0.00757219 0.00745373 1
  endloop
 endfacet
 facet normal -0.449237 0.893412 0
  outer loop
   vertex 0.00757219 0.00745373 -1
   vertex 0.00594667 0.00663637 -1
   vertex 0.00757219 0.00745373 1
  endloop
 endfacet
 facet normal -0.449237 0.893412 0
  outer loop
   vertex 0.00757219 0.00745373 1
   vertex 0.00594667 0.00663637 -1
   vertex 0.00594667 0.00663637 1
  endloop
 endfacet
 facet normal -0.498268 0.867023 0
  outer loop
   vertex 0.00594667 0.00663637 -1
   vertex 0.0046101 0.00586826 -1
   vertex 0.00594667 0.00663637 1
  endloop
 endfacet
 facet normal -0.498268 0.867023 0
  outer loop
   vertex 0.00594667 0.00663637 1
   vertex 0.0046101 0.00586826 -1
   vertex 0.0046101 0.00586826 1
  endloop
 endfacet
 facet normal -0.551734 0.83402 0
  outer loop
   vertex 0.0046101 0.00586826 -1
   vertex 0.00350324 0.00513603 -1
   vertex 0.0046101 0.00586826 1
  endloop
 endfacet
 facet normal -0.551734 0.83402 0
  outer loop
   vertex 0.0046101 0.00586826 1
   vertex 0.00350324 0.00513603 -1
   vertex 0.00350324 0.00513603 1
  endloop
 endfacet
 facet normal -0.610318 0.792157 0
  outer loop
   vertex 0.00350324 0.00513603 -1
   vertex 0.00258397 0.00442777 -1
   vertex 0.00350324 0.00513603 1
  endloop
 endfacet
 facet normal -0.610318 0.792157 0
  outer loop
   vertex 0.00350324 0.00513603 1
   vertex 0.00258397 0.00442777 -1
   vertex 0.00258397 0.00442777 1
  endloop
 endfacet
 facet normal -0.674423 0.738345 0
  outer loop
   vertex 0.00258397 0.00442777 -1
   vertex 0.00182375 0.00373338 -1
   vertex 0.00258397 0.00442777 1
  endloop
 endfacet
 facet normal -0.674423 0.738345 0
  outer loop
   vertex 0.00258397 0.00442777 1
   vertex 0.00182375 0.00373338 -1
   vertex 0.00182375 0.00373338 1
  endloop
 endfacet
 facet normal -0.743535 0.668697 0
  outer loop
   vertex 0.00182375 0.00373338 -1
   vertex 0.00120432 0.00304462 -1
   vertex 0.00182375 0.00373338 1
  endloop
 endfacet
 facet normal -0.743535 0.668697 0
  outer loop
   vertex 0.00182375 0.00373338 1
   vertex 0.00120432 0.00304462 -1
   vertex 0.00120432 0.00304462 1
  endloop
 endfacet
 facet normal -0.815671 0.578516 0
  outer loop
   vertex 0.00120432 0.00304462 -1
   vertex 0.00071701 0.00235754 -1
   vertex 0.00120432 0.00304462 1
  endloop
 endfacet
 facet normal -0.815671 0.578516 0
  outer loop
   vertex 0.00120432 0.00304462 1
   vertex 0.00071701 0.00235754 -1
   vertex 0.00071701 0.00235754 1
  endloop
 endfacet
 facet normal -0.886139 0.46342 0
  outer loop
   vertex 0.00071701 0.00235754 -1
   vertex 0.000357334 0.00166978 -1
   vertex 0.00071701 0.00235754 1
  endloop
 endfacet
 facet normal -0.886139 0.46342 0
  outer loop
   vertex 0.00071701 0.00235754 1
   vertex 0.000357334 0.00166978 -1
   vertex 0.000357334 0.00166978 1
  endloop
 endfacet
 facet normal -0.0711904 0.997463 0
  outer loop
   vertex 0.118612 0.0247699 -1
   vertex 0.112696 0.0243476 -1
   vertex 0.118612 0.0247699 1
  endloop
 endfacet
 facet normal -0.0711904 0.997463 0
  outer loop
   vertex 0.118612 0.0247699 1
   vertex 0.112696 0.0243476 -1
   vertex 0.112696 0.0243476 1
  endloop
 endfacet
 facet normal -0.946357 0.323124 0
  outer loop
   vertex 0.000357334 0.00166978 -1
   vertex 0.000123356 0.00098451 -1
   vertex 0.000357334 0.00166978 1
  endloop
 endfacet
 facet normal -0.946357 0.323124 0
  outer loop
   vertex 0.000357334 0.00166978 1
   vertex 0.000123356 0.00098451 -1
   vertex 0.000123356 0.00098451 1
  endloop
 endfacet
 facet normal -0.0670692 0.997748 0
  outer loop
   vertex 0.124538 0.0251682 -1
   vertex 0.118612 0.0247699 -1
   vertex 0.124538 0.0251682 1
  endloop
 endfacet
 facet normal -0.0670692 0.997748 0
  outer loop
   vertex 0.124538 0.0251682 1
   vertex 0.118612 0.0247699 -1
   vertex 0.118612 0.0247699 1
  endloop
 endfacet
 facet normal -0.98647 0.16394 0
  outer loop
   vertex 0.000123356 0.00098451 -1
   vertex 1.32605e-05 0.000322032 -1
   vertex 0.000123356 0.00098451 1
  endloop
 endfacet
 facet normal -0.98647 0.16394 0
  outer loop
   vertex 0.000123356 0.00098451 1
   vertex 1.32605e-05 0.000322032 -1
   vertex 1.32605e-05 0.000322032 1
  endloop
 endfacet
 facet normal -1 0 0
  outer loop
   vertex 1.32605e-05 0.000322032 -1
   vertex 1.32605e-05 -0.000322032 -1
   vertex 1.32605e-05 0.000322032 1
  endloop
 endfacet
 facet normal -1 -0 0
  outer loop
   vertex 1.32605e-05 0.000322032 1
   vertex 1.32605e-05 -0.000322032 -1
   vertex 1.32605e-05 -0.000322032 1
  endloop
 endfacet
 facet normal -0.98647 -0.16394 0
  outer loop
   vertex 1.32605e-05 -0.000322032 -1
   vertex 0.000123356 -0.00098451 -1
   vertex 1.32605e-05 -0.000322032 1
  endloop
 endfacet
 facet normal -0.98647 -0.16394 0
  outer loop
   vertex 1.32605e-05 -0.000322032 1
   vertex 0.000123356 -0.00098451 -1
   vertex 0.000123356 -0.00098451 1
  endloop
 endfacet
 facet normal -0.0631814 0.998002 0
  outer loop
   vertex 0.130473 0.0255439 -1
   vertex 0.124538 0.0251682 -1
   vertex 0.130473 0.0255439 1
  endloop
 endfacet
 facet normal -0.0631814 0.998002 0
  outer loop
   vertex 0.130473 0.0255439 1
   vertex 0.124538 0.0251682 -1
   vertex 0.124538 0.0251682 1
  endloop
 endfacet
 facet normal -0.946357 -0.323124 0
  outer loop
   vertex 0.000123356 -0.00098451 -1
   vertex 0.000357334 -0.00166978 -1
   vertex 0.000123356 -0.00098451 1
  endloop
 endfacet
 facet normal -0.946357 -0.323124 0
  outer loop
   vertex 0.000123356 -0.00098451 1
   vertex 0.000357334 -0.00166978 -1
   vertex 0.000357334 -0.00166978 1
  endloop
 endfacet
 facet normal -0.059503 0.998228 0
  outer loop
   vertex 0.136416 0.0258982 -1
   vertex 0.130473 0.0255439 -1
   vertex 0.136416 0.0258982 1
  endloop
 endfacet
 facet normal -0.059503 0.998228 0
  outer loop
   vertex 0.136416 0.0258982 1
   vertex 0.130473 0.0255439 -1
   vertex 0.130473 0.0255439 1
  endloop
 endfacet
 facet normal -0.886139 -0.46342 0
  outer loop
   vertex 0.000357334 -0.00166978 -1
   vertex 0.00071701 -0.00235754 -1
   vertex 0.000357334 -0.00166978 1
  endloop
 endfacet
 facet normal -0.886139 -0.46342 0
  outer loop
   vertex 0.000357334 -0.00166978 1
   vertex 0.00071701 -0.00235754 -1
   vertex 0.00071701 -0.00235754 1
  endloop
 endfacet
 facet normal -0.815671 -0.578516 0
  outer loop
   vertex 0.00071701 -0.00235754 -1
   vertex 0.00120432 -0.00304462 -1
   vertex 0.00071701 -0.00235754 1
  endloop
 endfacet
 facet normal -0.815671 -0.578516 0
  outer loop
   vertex 0.00071701 -0.00235754 1
   vertex 0.00120432 -0.00304462 -1
   vertex 0.00120432 -0.00304462 1
  endloop
 endfacet
 facet normal -0.0560082 0.99843 0
  outer loop
   vertex 0.142366 0.026232 -1
   vertex 0.136416 0.0258982 -1
   vertex 0.142366 0.026232 1
  endloop
 endfacet
 facet normal -0.0560082 0.99843 0
  outer loop
   vertex 0.142366 0.026232 1
   vertex 0.136416 0.0258982 -1
   vertex 0.136416 0.0258982 1
  endloop
 endfacet
 facet normal -0.743535 -0.668697 0
  outer loop
   vertex 0.00120432 -0.00304462 -1
   vertex 0.00182375 -0.00373338 -1
   vertex 0.00120432 -0.00304462 1
  endloop
 endfacet
 facet normal -0.743535 -0.668697 0
  outer loop
   vertex 0.00120432 -0.00304462 1
   vertex 0.00182375 -0.00373338 -1
   vertex 0.00182375 -0.00373338 1
  endloop
 endfacet
 facet normal -0.0526893 0.998611 0
  outer loop
   vertex 0.148322 0.0265462 -1
   vertex 0.142366 0.026232 -1
   vertex 0.148322 0.0265462 1
  endloop
 endfacet
 facet normal -0.0526893 0.998611 0
  outer loop
   vertex 0.148322 0.0265462 1
   vertex 0.142366 0.026232 -1
   vertex 0.142366 0.026232 1
  endloop
 endfacet
 facet normal -0.674423 -0.738345 0
  outer loop
   vertex 0.00182375 -0.00373338 -1
   vertex 0.00258397 -0.00442777 -1
   vertex 0.00182375 -0.00373338 1
  endloop
 endfacet
 facet normal -0.674423 -0.738345 0
  outer loop
   vertex 0.00182375 -0.00373338 1
   vertex 0.00258397 -0.00442777 -1
   vertex 0.00258397 -0.00442777 1
  endloop
 endfacet
 facet normal -0.0495242 0.998773 0
  outer loop
   vertex 0.154285 0.0268419 -1
   vertex 0.148322 0.0265462 -1
   vertex 0.154285 0.0268419 1
  endloop
 endfacet
 facet normal -0.0495242 0.998773 0
  outer loop
   vertex 0.154285 0.0268419 1
   vertex 0.148322 0.0265462 -1
   vertex 0.148322 0.0265462 1
  endloop
 endfacet
 facet normal -0.610318 -0.792157 0
  outer loop
   vertex 0.00258397 -0.00442777 -1
   vertex 0.00350324 -0.00513603 -1
   vertex 0.00258397 -0.00442777 1
  endloop
 endfacet
 facet normal -0.610318 -0.792157 0
  outer loop
   vertex 0.00258397 -0.00442777 1
   vertex 0.00350324 -0.00513603 -1
   vertex 0.00350324 -0.00513603 1
  endloop
 endfacet
 facet normal -0.551734 -0.83402 0
  outer loop
   vertex 0.00350324 -0.00513603 -1
   vertex 0.0046101 -0.00586826 -1
   vertex 0.00350324 -0.00513603 1
  endloop
 endfacet
 facet normal -0.551734 -0.83402 0
  outer loop
   vertex 0.00350324 -0.00513603 1
   vertex 0.0046101 -0.00586826 -1
   vertex 0.0046101 -0.00586826 1
  endloop
 endfacet
 facet normal -0.0465037 0.998918 0
  outer loop
   vertex 0.160253 0.0271197 -1
   vertex 0.154285 0.0268419 -1
   vertex 0.160253 0.0271197 1
  endloop
 endfacet
 facet normal -0.0465037 0.998918 0
  outer loop
   vertex 0.160253 0.0271197 1
   vertex 0.154285 0.0268419 -1
   vertex 0.154285 0.0268419 1
  endloop
 endfacet
 facet normal -0.498268 -0.867023 0
  outer loop
   vertex 0.0046101 -0.00586826 -1
   vertex 0.00594667 -0.00663637 -1
   vertex 0.0046101 -0.00586826 1
  endloop
 endfacet
 facet normal -0.498268 -0.867023 0
  outer loop
   vertex 0.0046101 -0.00586826 1
   vertex 0.00594667 -0.00663637 -1
   vertex 0.00594667 -0.00663637 1
  endloop
 endfacet
 facet normal -0.0436123 0.999049 0
  outer loop
   vertex 0.166226 0.0273805 -1
   vertex 0.160253 0.0271197 -1
   vertex 0.166226 0.0273805 1
  endloop
 endfacet
 facet normal -0.0436123 0.999049 0
  outer loop
   vertex 0.166226 0.0273805 1
   vertex 0.160253 0.0271197 -1
   vertex 0.160253 0.0271197 1
  endloop
 endfacet
 facet normal -0.449237 -0.893412 0
  outer loop
   vertex 0.00594667 -0.00663637 -1
   vertex 0.00757219 -0.00745373 -1
   vertex 0.00594667 -0.00663637 1
  endloop
 endfacet
 facet normal -0.449237 -0.893412 0
  outer loop
   vertex 0.00594667 -0.00663637 1
   vertex 0.00757219 -0.00745373 -1
   vertex 0.00757219 -0.00745373 1
  endloop
 endfacet
 facet normal -0.0408425 0.999166 0
  outer loop
   vertex 0.172203 0.0276248 -1
   vertex 0.166226 0.0273805 -1
   vertex 0.172203 0.0276248 1
  endloop
 endfacet
 facet normal -0.0408425 0.999166 0
  outer loop
   vertex 0.172203 0.0276248 1
   vertex 0.166226 0.0273805 -1
   vertex 0.166226 0.0273805 1
  endloop
 endfacet
 facet normal -0.404022 -0.914749 0
  outer loop
   vertex 0.00757219 -0.00745373 -1
   vertex 0.00956758 -0.00833504 -1
   vertex 0.00757219 -0.00745373 1
  endloop
 endfacet
 facet normal -0.404022 -0.914749 0
  outer loop
   vertex 0.00757219 -0.00745373 1
   vertex 0.00956758 -0.00833504 -1
   vertex 0.00956758 -0.00833504 1
  endloop
 endfacet
 facet normal -0.0381859 0.999271 0
  outer loop
   vertex 0.178185 0.0278534 -1
   vertex 0.172203 0.0276248 -1
   vertex 0.178185 0.0278534 1
  endloop
 endfacet
 facet normal -0.0381859 0.999271 0
  outer loop
   vertex 0.178185 0.0278534 1
   vertex 0.172203 0.0276248 -1
   vertex 0.172203 0.0276248 1
  endloop
 endfacet
 facet normal -0.36217 -0.932112 0
  outer loop
   vertex 0.00956758 -0.00833504 -1
   vertex 0.0120334 -0.00929314 -1
   vertex 0.00956758 -0.00833504 1
  endloop
 endfacet
 facet normal -0.36217 -0.932112 0
  outer loop
   vertex 0.00956758 -0.00833504 1
   vertex 0.0120334 -0.00929314 -1
   vertex 0.0120334 -0.00929314 1
  endloop
 endfacet
 facet normal -0.035633 0.999365 0
  outer loop
   vertex 0.18417 0.0280668 -1
   vertex 0.178185 0.0278534 -1
   vertex 0.18417 0.0280668 1
  endloop
 endfacet
 facet normal -0.035633 0.999365 0
  outer loop
   vertex 0.18417 0.0280668 1
   vertex 0.178185 0.0278534 -1
   vertex 0.178185 0.0278534 1
  endloop
 endfacet
 facet normal -0.323576 -0.946202 0
  outer loop
   vertex 0.0120334 -0.00929314 -1
   vertex 0.0150631 -0.0103292 -1
   vertex 0.0120334 -0.00929314 1
  endloop
 endfacet
 facet normal -0.323576 -0.946202 0
  outer loop
   vertex 0.0120334 -0.00929314 1
   vertex 0.0150631 -0.0103292 -1
   vertex 0.0150631 -0.0103292 1
  endloop
 endfacet
 facet normal -0.0308106 0.999525 0
  outer loop
   vertex 0.196152 0.0284503 -1
   vertex 0.19016 0.0282656 -1
   vertex 0.196152 0.0284503 1
  endloop
 endfacet
 facet normal -0.0308106 0.999525 0
  outer loop
   vertex 0.196152 0.0284503 1
   vertex 0.19016 0.0282656 -1
   vertex 0.19016 0.0282656 1
  endloop
 endfacet
 facet normal -0.288495 -0.957482 0
  outer loop
   vertex 0.0150631 -0.0103292 -1
   vertex 0.0187084 -0.0114276 -1
   vertex 0.0150631 -0.0103292 1
  endloop
 endfacet
 facet normal -0.288495 -0.957482 0
  outer loop
   vertex 0.0150631 -0.0103292 1
   vertex 0.0187084 -0.0114276 -1
   vertex 0.0187084 -0.0114276 1
  endloop
 endfacet
 facet normal -0.0285311 0.999593 0
  outer loop
   vertex 0.202148 0.0286215 -1
   vertex 0.196152 0.0284503 -1
   vertex 0.202148 0.0286215 1
  endloop
 endfacet
 facet normal -0.0285311 0.999593 0
  outer loop
   vertex 0.202148 0.0286215 1
   vertex 0.196152 0.0284503 -1
   vertex 0.196152 0.0284503 1
  endloop
 endfacet
 facet normal -0.257338 -0.966321 0
  outer loop
   vertex 0.0187084 -0.0114276 -1
   vertex 0.0229381 -0.012554 -1
   vertex 0.0187084 -0.0114276 1
  endloop
 endfacet
 facet normal -0.257338 -0.966321 0
  outer loop
   vertex 0.0187084 -0.0114276 1
   vertex 0.0229381 -0.012554 -1
   vertex 0.0229381 -0.012554 1
  endloop
 endfacet
 facet normal -0.0242027 0.999707 0
  outer loop
   vertex 0.214148 0.0289248 -1
   vertex 0.208146 0.0287795 -1
   vertex 0.214148 0.0289248 1
  endloop
 endfacet
 facet normal -0.0242027 0.999707 0
  outer loop
   vertex 0.214148 0.0289248 1
   vertex 0.208146 0.0287795 -1
   vertex 0.208146 0.0287795 1
  endloop
 endfacet
 facet normal -0.230376 -0.973102 0
  outer loop
   vertex 0.0229381 -0.012554 -1
   vertex 0.0276419 -0.0136675 -1
   vertex 0.0229381 -0.012554 1
  endloop
 endfacet
 facet normal -0.230376 -0.973102 0
  outer loop
   vertex 0.0229381 -0.012554 1
   vertex 0.0276419 -0.0136675 -1
   vertex 0.0276419 -0.0136675 1
  endloop
 endfacet
 facet normal -0.0201568 0.999797 0
  outer loop
   vertex 0.226158 0.0291788 -1
   vertex 0.220151 0.0290577 -1
   vertex 0.226158 0.0291788 1
  endloop
 endfacet
 facet normal -0.0201568 0.999797 0
  outer loop
   vertex 0.226158 0.0291788 1
   vertex 0.220151 0.0290577 -1
   vertex 0.220151 0.0290577 1
  endloop
 endfacet
 facet normal -0.207472 -0.978241 0
  outer loop
   vertex 0.0276419 -0.0136675 -1
   vertex 0.0326856 -0.0147373 -1
   vertex 0.0276419 -0.0136675 1
  endloop
 endfacet
 facet normal -0.207472 -0.978241 0
  outer loop
   vertex 0.0276419 -0.0136675 1
   vertex 0.0326856 -0.0147373 -1
   vertex 0.0326856 -0.0147373 1
  endloop
 endfacet
 facet normal -0.0163608 0.999866 0
  outer loop
   vertex 0.238177 0.0293867 -1
   vertex 0.232166 0.0292884 -1
   vertex 0.238177 0.0293867 1
  endloop
 endfacet
 facet normal -0.0163608 0.999866 0
  outer loop
   vertex 0.238177 0.0293867 1
   vertex 0.232166 0.0292884 -1
   vertex 0.232166 0.0292884 1
  endloop
 endfacet
 facet normal -0.188139 -0.982142 0
  outer loop
   vertex 0.0326856 -0.0147373 -1
   vertex 0.0379589 -0.0157474 -1
   vertex 0.0326856 -0.0147373 1
  endloop
 endfacet
 facet normal -0.188139 -0.982142 0
  outer loop
   vertex 0.0326856 -0.0147373 1
   vertex 0.0379589 -0.0157474 -1
   vertex 0.0379589 -0.0157474 1
  endloop
 endfacet
 facet normal -0.0145496 0.999894 0
  outer loop
   vertex 0.244189 0.0294742 -1
   vertex 0.238177 0.0293867 -1
   vertex 0.244189 0.0294742 1
  endloop
 endfacet
 facet normal -0.0145496 0.999894 0
  outer loop
   vertex 0.244189 0.0294742 1
   vertex 0.238177 0.0293867 -1
   vertex 0.238177 0.0293867 1
  endloop
 endfacet
 facet normal -0.171761 -0.985139 0
  outer loop
   vertex 0.0379589 -0.0157474 -1
   vertex 0.0433875 -0.0166939 -1
   vertex 0.0379589 -0.0157474 1
  endloop
 endfacet
 facet normal -0.171761 -0.985139 0
  outer loop
   vertex 0.0379589 -0.0157474 1
   vertex 0.0433875 -0.0166939 -1
   vertex 0.0433875 -0.0166939 1
  endloop
 endfacet
 facet normal -0.0110844 0.999939 0
  outer loop
   vertex 0.25622 0.0296178 -1
   vertex 0.250204 0.0295512 -1
   vertex 0.25622 0.0296178 1
  endloop
 endfacet
 facet normal -0.0110844 0.999939 0
  outer loop
   vertex 0.25622 0.0296178 1
   vertex 0.250204 0.0295512 -1
   vertex 0.250204 0.0295512 1
  endloop
 endfacet
 facet normal -0.157754 -0.987478 0
  outer loop
   vertex 0.0433875 -0.0166939 -1
   vertex 0.0489245 -0.0175785 -1
   vertex 0.0433875 -0.0166939 1
  endloop
 endfacet
 facet normal -0.157754 -0.987478 0
  outer loop
   vertex 0.0433875 -0.0166939 1
   vertex 0.0489245 -0.0175785 -1
   vertex 0.0489245 -0.0175785 1
  endloop
 endfacet
 facet normal -0.00781621 0.999969 0
  outer loop
   vertex 0.268257 0.0297216 -1
   vertex 0.262238 0.0296746 -1
   vertex 0.268257 0.0297216 1
  endloop
 endfacet
 facet normal -0.00781621 0.999969 0
  outer loop
   vertex 0.268257 0.0297216 1
   vertex 0.262238 0.0296746 -1
   vertex 0.262238 0.0296746 1
  endloop
 endfacet
 facet normal -0.145631 -0.989339 0
  outer loop
   vertex 0.0489245 -0.0175785 -1
   vertex 0.0545407 -0.0184052 -1
   vertex 0.0489245 -0.0175785 1
  endloop
 endfacet
 facet normal -0.145631 -0.989339 0
  outer loop
   vertex 0.0489245 -0.0175785 1
   vertex 0.0545407 -0.0184052 -1
   vertex 0.0545407 -0.0184052 1
  endloop
 endfacet
 facet normal -0.00472554 0.999989 0
  outer loop
   vertex 0.2803 0.0297877 -1
   vertex 0.274278 0.0297593 -1
   vertex 0.2803 0.0297877 1
  endloop
 endfacet
 facet normal -0.00472554 0.999989 0
  outer loop
   vertex 0.2803 0.0297877 1
   vertex 0.274278 0.0297593 -1
   vertex 0.274278 0.0297593 1
  endloop
 endfacet
 facet normal -0.135015 -0.990844 0
  outer loop
   vertex 0.0545407 -0.0184052 -1
   vertex 0.0602173 -0.0191787 -1
   vertex 0.0545407 -0.0184052 1
  endloop
 endfacet
 facet normal -0.135015 -0.990844 0
  outer loop
   vertex 0.0545407 -0.0184052 1
   vertex 0.0602173 -0.0191787 -1
   vertex 0.0602173 -0.0191787 1
  endloop
 endfacet
 facet normal -0.00324215 0.999995 0
  outer loop
   vertex 0.286324 0.0298072 -1
   vertex 0.2803 0.0297877 -1
   vertex 0.286324 0.0298072 1
  endloop
 endfacet
 facet normal -0.00324215 0.999995 0
  outer loop
   vertex 0.286324 0.0298072 1
   vertex 0.2803 0.0297877 -1
   vertex 0.2803 0.0297877 1
  endloop
 endfacet
 facet normal -0.125614 -0.992079 0
  outer loop
   vertex 0.0602173 -0.0191787 -1
   vertex 0.0659413 -0.0199034 -1
   vertex 0.0602173 -0.0191787 1
  endloop
 endfacet
 facet normal -0.125614 -0.992079 0
  outer loop
   vertex 0.0602173 -0.0191787 1
   vertex 0.0659413 -0.0199034 -1
   vertex 0.0659413 -0.0199034 1
  endloop
 endfacet
 facet normal -0.000390067 1 0
  outer loop
   vertex 0.298375 0.0298204 -1
   vertex 0.292349 0.0298181 -1
   vertex 0.298375 0.0298204 1
  endloop
 endfacet
 facet normal -0.000390067 1 0
  outer loop
   vertex 0.298375 0.0298204 1
   vertex 0.292349 0.0298181 -1
   vertex 0.292349 0.0298181 1
  endloop
 endfacet
 facet normal -0.117208 -0.993107 0
  outer loop
   vertex 0.0659413 -0.0199034 -1
   vertex 0.0717035 -0.0205835 -1
   vertex 0.0659413 -0.0199034 1
  endloop
 endfacet
 facet normal -0.117208 -0.993107 0
  outer loop
   vertex 0.0659413 -0.0199034 1
   vertex 0.0717035 -0.0205835 -1
   vertex 0.0717035 -0.0205835 1
  endloop
 endfacet
 facet normal 0.00098055 1 -0
  outer loop
   vertex 0.304403 0.0298145 -1
   vertex 0.298375 0.0298204 -1
   vertex 0.304403 0.0298145 1
  endloop
 endfacet
 facet normal 0.00098055 1 0
  outer loop
   vertex 0.304403 0.0298145 1
   vertex 0.298375 0.0298204 -1
   vertex 0.298375 0.0298204 1
  endloop
 endfacet
 facet normal -0.109625 -0.993973 0
  outer loop
   vertex 0.0717035 -0.0205835 -1
   vertex 0.0774973 -0.0212225 -1
   vertex 0.0717035 -0.0205835 1
  endloop
 endfacet
 facet normal -0.109625 -0.993973 0
  outer loop
   vertex 0.0717035 -0.0205835 1
   vertex 0.0774973 -0.0212225 -1
   vertex 0.0774973 -0.0212225 1
  endloop
 endfacet
 facet normal 0.00231575 0.999997 -0
  outer loop
   vertex 0.310431 0.0298005 -1
   vertex 0.304403 0.0298145 -1
   vertex 0.310431 0.0298005 1
  endloop
 endfacet
 facet normal 0.00231575 0.999997 0
  outer loop
   vertex 0.310431 0.0298005 1
   vertex 0.304403 0.0298145 -1
   vertex 0.304403 0.0298145 1
  endloop
 endfacet
 facet normal -0.102734 -0.994709 0
  outer loop
   vertex 0.0774973 -0.0212225 -1
   vertex 0.0833173 -0.0218236 -1
   vertex 0.0774973 -0.0212225 1
  endloop
 endfacet
 facet normal -0.102734 -0.994709 0
  outer loop
   vertex 0.0774973 -0.0212225 1
   vertex 0.0833173 -0.0218236 -1
   vertex 0.0833173 -0.0218236 1
  endloop
 endfacet
 facet normal 0.00488989 0.999988 -0
  outer loop
   vertex 0.322491 0.0297492 -1
   vertex 0.316461 0.0297787 -1
   vertex 0.322491 0.0297492 1
  endloop
 endfacet
 facet normal 0.00488989 0.999988 0
  outer loop
   vertex 0.322491 0.0297492 1
   vertex 0.316461 0.0297787 -1
   vertex 0.316461 0.0297787 1
  endloop
 endfacet
 facet normal -0.0964259 -0.99534 0
  outer loop
   vertex 0.0833173 -0.0218236 -1
   vertex 0.0891597 -0.0223896 -1
   vertex 0.0833173 -0.0218236 1
  endloop
 endfacet
 facet normal -0.0964259 -0.99534 0
  outer loop
   vertex 0.0833173 -0.0218236 1
   vertex 0.0891597 -0.0223896 -1
   vertex 0.0891597 -0.0223896 1
  endloop
 endfacet
 facet normal 0.00612966 0.999981 -0
  outer loop
   vertex 0.328523 0.0297123 -1
   vertex 0.322491 0.0297492 -1
   vertex 0.328523 0.0297123 1
  endloop
 endfacet
 facet normal 0.00612966 0.999981 0
  outer loop
   vertex 0.328523 0.0297123 1
   vertex 0.322491 0.0297492 -1
   vertex 0.322491 0.0297492 1
  endloop
 endfacet
 facet normal -0.0906191 -0.995886 0
  outer loop
   vertex 0.0891597 -0.0223896 -1
   vertex 0.0950211 -0.0229229 -1
   vertex 0.0891597 -0.0223896 1
  endloop
 endfacet
 facet normal -0.0906191 -0.995886 0
  outer loop
   vertex 0.0891597 -0.0223896 1
   vertex 0.0950211 -0.0229229 -1
   vertex 0.0950211 -0.0229229 1
  endloop
 endfacet
 facet normal 0.00733841 0.999973 -0
  outer loop
   vertex 0.334555 0.029668 -1
   vertex 0.328523 0.0297123 -1
   vertex 0.334555 0.029668 1
  endloop
 endfacet
 facet normal 0.00733841 0.999973 0
  outer loop
   vertex 0.334555 0.029668 1
   vertex 0.328523 0.0297123 -1
   vertex 0.328523 0.0297123 1
  endloop
 endfacet
 facet normal -0.0852406 -0.99636 0
  outer loop
   vertex 0.0950211 -0.0229229 -1
   vertex 0.100899 -0.0234258 -1
   vertex 0.0950211 -0.0229229 1
  endloop
 endfacet
 facet normal -0.0852406 -0.99636 0
  outer loop
   vertex 0.0950211 -0.0229229 1
   vertex 0.100899 -0.0234258 -1
   vertex 0.100899 -0.0234258 1
  endloop
 endfacet
 facet normal 0.0085189 0.999964 -0
  outer loop
   vertex 0.340589 0.0296166 -1
   vertex 0.334555 0.029668 -1
   vertex 0.340589 0.0296166 1
  endloop
 endfacet
 facet normal 0.0085189 0.999964 0
  outer loop
   vertex 0.340589 0.0296166 1
   vertex 0.334555 0.029668 -1
   vertex 0.334555 0.029668 1
  endloop
 endfacet
 facet normal -0.0802404 -0.996776 0
  outer loop
   vertex 0.100899 -0.0234258 -1
   vertex 0.106791 -0.0239001 -1
   vertex 0.100899 -0.0234258 1
  endloop
 endfacet
 facet normal -0.0802404 -0.996776 0
  outer loop
   vertex 0.100899 -0.0234258 1
   vertex 0.106791 -0.0239001 -1
   vertex 0.106791 -0.0239001 1
  endloop
 endfacet
 facet normal 0.0107981 0.999942 -0
  outer loop
   vertex 0.352658 0.0294931 -1
   vertex 0.346623 0.0295582 -1
   vertex 0.352658 0.0294931 1
  endloop
 endfacet
 facet normal 0.0107981 0.999942 0
  outer loop
   vertex 0.352658 0.0294931 1
   vertex 0.346623 0.0295582 -1
   vertex 0.346623 0.0295582 1
  endloop
 endfacet
 facet normal -0.0755708 -0.99714 0
  outer loop
   vertex 0.106791 -0.0239001 -1
   vertex 0.112696 -0.0243476 -1
   vertex 0.106791 -0.0239001 1
  endloop
 endfacet
 facet normal -0.0755708 -0.99714 0
  outer loop
   vertex 0.106791 -0.0239001 1
   vertex 0.112696 -0.0243476 -1
   vertex 0.112696 -0.0243476 1
  endloop
 endfacet
 facet normal 0.0118983 0.999929 -0
  outer loop
   vertex 0.358694 0.0294212 -1
   vertex 0.352658 0.0294931 -1
   vertex 0.358694 0.0294212 1
  endloop
 endfacet
 facet normal 0.0118983 0.999929 0
  outer loop
   vertex 0.358694 0.0294212 1
   vertex 0.352658 0.0294931 -1
   vertex 0.352658 0.0294931 1
  endloop
 endfacet
 facet normal -0.0711904 -0.997463 0
  outer loop
   vertex 0.112696 -0.0243476 -1
   vertex 0.118612 -0.0247699 -1
   vertex 0.112696 -0.0243476 1
  endloop
 endfacet
 facet normal -0.0711904 -0.997463 0
  outer loop
   vertex 0.112696 -0.0243476 1
   vertex 0.118612 -0.0247699 -1
   vertex 0.118612 -0.0247699 1
  endloop
 endfacet
 facet normal 0.0129716 0.999916 -0
  outer loop
   vertex 0.36473 0.0293429 -1
   vertex 0.358694 0.0294212 -1
   vertex 0.36473 0.0293429 1
  endloop
 endfacet
 facet normal 0.0129716 0.999916 0
  outer loop
   vertex 0.36473 0.0293429 1
   vertex 0.358694 0.0294212 -1
   vertex 0.358694 0.0294212 1
  endloop
 endfacet
 facet normal -0.0670692 -0.997748 0
  outer loop
   vertex 0.118612 -0.0247699 -1
   vertex 0.124538 -0.0251682 -1
   vertex 0.118612 -0.0247699 1
  endloop
 endfacet
 facet normal -0.0670692 -0.997748 0
  outer loop
   vertex 0.118612 -0.0247699 1
   vertex 0.124538 -0.0251682 -1
   vertex 0.124538 -0.0251682 1
  endloop
 endfacet
 facet normal 0.0140236 0.999902 -0
  outer loop
   vertex 0.370767 0.0292583 -1
   vertex 0.36473 0.0293429 -1
   vertex 0.370767 0.0292583 1
  endloop
 endfacet
 facet normal 0.0140236 0.999902 0
  outer loop
   vertex 0.370767 0.0292583 1
   vertex 0.36473 0.0293429 -1
   vertex 0.36473 0.0293429 1
  endloop
 endfacet
 facet normal -0.0631814 -0.998002 0
  outer loop
   vertex 0.124538 -0.0251682 -1
   vertex 0.130473 -0.0255439 -1
   vertex 0.124538 -0.0251682 1
  endloop
 endfacet
 facet normal -0.0631814 -0.998002 0
  outer loop
   vertex 0.124538 -0.0251682 1
   vertex 0.130473 -0.0255439 -1
   vertex 0.130473 -0.0255439 1
  endloop
 endfacet
 facet normal 0.0150499 0.999887 -0
  outer loop
   vertex 0.376805 0.0291674 -1
   vertex 0.370767 0.0292583 -1
   vertex 0.376805 0.0291674 1
  endloop
 endfacet
 facet normal 0.0150499 0.999887 0
  outer loop
   vertex 0.376805 0.0291674 1
   vertex 0.370767 0.0292583 -1
   vertex 0.370767 0.0292583 1
  endloop
 endfacet
 facet normal -0.059503 -0.998228 0
  outer loop
   vertex 0.130473 -0.0255439 -1
   vertex 0.136416 -0.0258982 -1
   vertex 0.130473 -0.0255439 1
  endloop
 endfacet
 facet normal -0.059503 -0.998228 0
  outer loop
   vertex 0.130473 -0.0255439 1
   vertex 0.136416 -0.0258982 -1
   vertex 0.136416 -0.0258982 1
  endloop
 endfacet
 facet normal 0.0160534 0.999871 -0
  outer loop
   vertex 0.382843 0.0290704 -1
   vertex 0.376805 0.0291674 -1
   vertex 0.382843 0.0290704 1
  endloop
 endfacet
 facet normal 0.0160534 0.999871 0
  outer loop
   vertex 0.382843 0.0290704 1
   vertex 0.376805 0.0291674 -1
   vertex 0.376805 0.0291674 1
  endloop
 endfacet
 facet normal -0.0560082 -0.99843 0
  outer loop
   vertex 0.136416 -0.0258982 -1
   vertex 0.142366 -0.026232 -1
   vertex 0.136416 -0.0258982 1
  endloop
 endfacet
 facet normal -0.0560082 -0.99843 0
  outer loop
   vertex 0.136416 -0.0258982 1
   vertex 0.142366 -0.026232 -1
   vertex 0.142366 -0.026232 1
  endloop
 endfacet
 facet normal 0.0170346 0.999855 -0
  outer loop
   vertex 0.388883 0.0289675 -1
   vertex 0.382843 0.0290704 -1
   vertex 0.388883 0.0289675 1
  endloop
 endfacet
 facet normal 0.0170346 0.999855 0
  outer loop
   vertex 0.388883 0.0289675 1
   vertex 0.382843 0.0290704 -1
   vertex 0.382843 0.0290704 1
  endloop
 endfacet
 facet normal -0.0526893 -0.998611 0
  outer loop
   vertex 0.142366 -0.026232 -1
   vertex 0.148322 -0.0265462 -1
   vertex 0.142366 -0.026232 1
  endloop
 endfacet
 facet normal -0.0526893 -0.998611 0
  outer loop
   vertex 0.142366 -0.026232 1
   vertex 0.148322 -0.0265462 -1
   vertex 0.148322 -0.0265462 1
  endloop
 endfacet
 facet normal 0.0189348 0.999821 -0
  outer loop
   vertex 0.400963 0.0287444 -1
   vertex 0.394922 0.0288588 -1
   vertex 0.400963 0.0287444 1
  endloop
 endfacet
 facet normal 0.0189348 0.999821 0
  outer loop
   vertex 0.400963 0.0287444 1
   vertex 0.394922 0.0288588 -1
   vertex 0.394922 0.0288588 1
  endloop
 endfacet
 facet normal -0.0495242 -0.998773 0
  outer loop
   vertex 0.148322 -0.0265462 -1
   vertex 0.154285 -0.0268419 -1
   vertex 0.148322 -0.0265462 1
  endloop
 endfacet
 facet normal -0.0495242 -0.998773 0
  outer loop
   vertex 0.148322 -0.0265462 1
   vertex 0.154285 -0.0268419 -1
   vertex 0.154285 -0.0268419 1
  endloop
 endfacet
 facet normal 0.0198525 0.999803 -0
  outer loop
   vertex 0.407003 0.0286245 -1
   vertex 0.400963 0.0287444 -1
   vertex 0.407003 0.0286245 1
  endloop
 endfacet
 facet normal 0.0198525 0.999803 0
  outer loop
   vertex 0.407003 0.0286245 1
   vertex 0.400963 0.0287444 -1
   vertex 0.400963 0.0287444 1
  endloop
 endfacet
 facet normal -0.0465037 -0.998918 0
  outer loop
   vertex 0.154285 -0.0268419 -1
   vertex 0.160253 -0.0271197 -1
   vertex 0.154285 -0.0268419 1
  endloop
 endfacet
 facet normal -0.0465037 -0.998918 0
  outer loop
   vertex 0.154285 -0.0268419 1
   vertex 0.160253 -0.0271197 -1
   vertex 0.160253 -0.0271197 1
  endloop
 endfacet
 facet normal 0.0207525 0.999785 -0
  outer loop
   vertex 0.413045 0.0284991 -1
   vertex 0.407003 0.0286245 -1
   vertex 0.413045 0.0284991 1
  endloop
 endfacet
 facet normal 0.0207525 0.999785 0
  outer loop
   vertex 0.413045 0.0284991 1
   vertex 0.407003 0.0286245 -1
   vertex 0.407003 0.0286245 1
  endloop
 endfacet
 facet normal -0.0436123 -0.999049 0
  outer loop
   vertex 0.160253 -0.0271197 -1
   vertex 0.166226 -0.0273805 -1
   vertex 0.160253 -0.0271197 1
  endloop
 endfacet
 facet normal -0.0436123 -0.999049 0
  outer loop
   vertex 0.160253 -0.0271197 1
   vertex 0.166226 -0.0273805 -1
   vertex 0.166226 -0.0273805 1
  endloop
 endfacet
 facet normal 0.0216339 0.999766 -0
  outer loop
   vertex 0.419087 0.0283684 -1
   vertex 0.413045 0.0284991 -1
   vertex 0.419087 0.0283684 1
  endloop
 endfacet
 facet normal 0.0216339 0.999766 0
  outer loop
   vertex 0.419087 0.0283684 1
   vertex 0.413045 0.0284991 -1
   vertex 0.413045 0.0284991 1
  endloop
 endfacet
 facet normal -0.0408425 -0.999166 0
  outer loop
   vertex 0.166226 -0.0273805 -1
   vertex 0.172203 -0.0276248 -1
   vertex 0.166226 -0.0273805 1
  endloop
 endfacet
 facet normal -0.0408425 -0.999166 0
  outer loop
   vertex 0.166226 -0.0273805 1
   vertex 0.172203 -0.0276248 -1
   vertex 0.172203 -0.0276248 1
  endloop
 endfacet
 facet normal 0.0224957 0.999747 -0
  outer loop
   vertex 0.425129 0.0282324 -1
   vertex 0.419087 0.0283684 -1
   vertex 0.425129 0.0282324 1
  endloop
 endfacet
 facet normal 0.0224957 0.999747 0
  outer loop
   vertex 0.425129 0.0282324 1
   vertex 0.419087 0.0283684 -1
   vertex 0.419087 0.0283684 1
  endloop
 endfacet
 facet normal -0.0381859 -0.999271 0
  outer loop
   vertex 0.172203 -0.0276248 -1
   vertex 0.178185 -0.0278534 -1
   vertex 0.172203 -0.0276248 1
  endloop
 endfacet
 facet normal -0.0381859 -0.999271 0
  outer loop
   vertex 0.172203 -0.0276248 1
   vertex 0.178185 -0.0278534 -1
   vertex 0.178185 -0.0278534 1
  endloop
 endfacet
 facet normal 0.0233387 0.999728 -0
  outer loop
   vertex 0.431172 0.0280913 -1
   vertex 0.425129 0.0282324 -1
   vertex 0.431172 0.0280913 1
  endloop
 endfacet
 facet normal 0.0233387 0.999728 0
  outer loop
   vertex 0.431172 0.0280913 1
   vertex 0.425129 0.0282324 -1
   vertex 0.425129 0.0282324 1
  endloop
 endfacet
 facet normal -0.035633 -0.999365 0
  outer loop
   vertex 0.178185 -0.0278534 -1
   vertex 0.18417 -0.0280668 -1
   vertex 0.178185 -0.0278534 1
  endloop
 endfacet
 facet normal -0.035633 -0.999365 0
  outer loop
   vertex 0.178185 -0.0278534 1
   vertex 0.18417 -0.0280668 -1
   vertex 0.18417 -0.0280668 1
  endloop
 endfacet
 facet normal 0.0241654 0.999708 -0
  outer loop
   vertex 0.437215 0.0279453 -1
   vertex 0.431172 0.0280913 -1
   vertex 0.437215 0.0279453 1
  endloop
 endfacet
 facet normal 0.0241654 0.999708 0
  outer loop
   vertex 0.437215 0.0279453 1
   vertex 0.431172 0.0280913 -1
   vertex 0.431172 0.0280913 1
  endloop
 endfacet
 facet normal -0.0331779 -0.999449 0
  outer loop
   vertex 0.18417 -0.0280668 -1
   vertex 0.19016 -0.0282656 -1
   vertex 0.18417 -0.0280668 1
  endloop
 endfacet
 facet normal -0.0331779 -0.999449 0
  outer loop
   vertex 0.18417 -0.0280668 1
   vertex 0.19016 -0.0282656 -1
   vertex 0.19016 -0.0282656 1
  endloop
 endfacet
 facet normal 0.0249752 0.999688 -0
  outer loop
   vertex 0.443259 0.0277943 -1
   vertex 0.437215 0.0279453 -1
   vertex 0.443259 0.0277943 1
  endloop
 endfacet
 facet normal 0.0249752 0.999688 0
  outer loop
   vertex 0.443259 0.0277943 1
   vertex 0.437215 0.0279453 -1
   vertex 0.437215 0.0279453 1
  endloop
 endfacet
 facet normal -0.0308106 -0.999525 0
  outer loop
   vertex 0.19016 -0.0282656 -1
   vertex 0.196152 -0.0284503 -1
   vertex 0.19016 -0.0282656 1
  endloop
 endfacet
 facet normal -0.0308106 -0.999525 0
  outer loop
   vertex 0.19016 -0.0282656 1
   vertex 0.196152 -0.0284503 -1
   vertex 0.196152 -0.0284503 1
  endloop
 endfacet
 facet normal 0.0257688 0.999668 -0
  outer loop
   vertex 0.449303 0.0276385 -1
   vertex 0.443259 0.0277943 -1
   vertex 0.449303 0.0276385 1
  endloop
 endfacet
 facet normal 0.0257688 0.999668 0
  outer loop
   vertex 0.449303 0.0276385 1
   vertex 0.443259 0.0277943 -1
   vertex 0.443259 0.0277943 1
  endloop
 endfacet
 facet normal -0.0285311 -0.999593 0
  outer loop
   vertex 0.196152 -0.0284503 -1
   vertex 0.202148 -0.0286215 -1
   vertex 0.196152 -0.0284503 1
  endloop
 endfacet
 facet normal -0.0285311 -0.999593 0
  outer loop
   vertex 0.196152 -0.0284503 1
   vertex 0.202148 -0.0286215 -1
   vertex 0.202148 -0.0286215 1
  endloop
 endfacet
 facet normal 0.0265458 0.999648 -0
  outer loop
   vertex 0.455347 0.0274779 -1
   vertex 0.449303 0.0276385 -1
   vertex 0.455347 0.0274779 1
  endloop
 endfacet
 facet normal 0.0265458 0.999648 0
  outer loop
   vertex 0.455347 0.0274779 1
   vertex 0.449303 0.0276385 -1
   vertex 0.449303 0.0276385 1
  endloop
 endfacet
 facet normal -0.0263286 -0.999653 0
  outer loop
   vertex 0.202148 -0.0286215 -1
   vertex 0.208146 -0.0287795 -1
   vertex 0.202148 -0.0286215 1
  endloop
 endfacet
 facet normal -0.0263286 -0.999653 0
  outer loop
   vertex 0.202148 -0.0286215 1
   vertex 0.208146 -0.0287795 -1
   vertex 0.208146 -0.0287795 1
  endloop
 endfacet
 facet normal 0.0273069 0.999627 -0
  outer loop
   vertex 0.461392 0.0273128 -1
   vertex 0.455347 0.0274779 -1
   vertex 0.461392 0.0273128 1
  endloop
 endfacet
 facet normal 0.0273069 0.999627 0
  outer loop
   vertex 0.461392 0.0273128 1
   vertex 0.455347 0.0274779 -1
   vertex 0.455347 0.0274779 1
  endloop
 endfacet
 facet normal -0.0242027 -0.999707 0
  outer loop
   vertex 0.208146 -0.0287795 -1
   vertex 0.214148 -0.0289248 -1
   vertex 0.208146 -0.0287795 1
  endloop
 endfacet
 facet normal -0.0242027 -0.999707 0
  outer loop
   vertex 0.208146 -0.0287795 1
   vertex 0.214148 -0.0289248 -1
   vertex 0.214148 -0.0289248 1
  endloop
 endfacet
 facet normal 0.0280558 0.999606 -0
  outer loop
   vertex 0.467437 0.0271432 -1
   vertex 0.461392 0.0273128 -1
   vertex 0.467437 0.0271432 1
  endloop
 endfacet
 facet normal 0.0280558 0.999606 0
  outer loop
   vertex 0.467437 0.0271432 1
   vertex 0.461392 0.0273128 -1
   vertex 0.461392 0.0273128 1
  endloop
 endfacet
 facet normal -0.0221454 -0.999755 0
  outer loop
   vertex 0.214148 -0.0289248 -1
   vertex 0.220151 -0.0290577 -1
   vertex 0.214148 -0.0289248 1
  endloop
 endfacet
 facet normal -0.0221454 -0.999755 0
  outer loop
   vertex 0.214148 -0.0289248 1
   vertex 0.220151 -0.0290577 -1
   vertex 0.220151 -0.0290577 1
  endloop
 endfacet
 facet normal 0.0287862 0.999586 -0
  outer loop
   vertex 0.473483 0.026969 -1
   vertex 0.467437 0.0271432 -1
   vertex 0.473483 0.026969 1
  endloop
 endfacet
 facet normal 0.0287862 0.999586 0
  outer loop
   vertex 0.473483 0.026969 1
   vertex 0.467437 0.0271432 -1
   vertex 0.467437 0.0271432 1
  endloop
 endfacet
 facet normal -0.0201568 -0.999797 0
  outer loop
   vertex 0.220151 -0.0290577 -1
   vertex 0.226158 -0.0291788 -1
   vertex 0.220151 -0.0290577 1
  endloop
 endfacet
 facet normal -0.0201568 -0.999797 0
  outer loop
   vertex 0.220151 -0.0290577 1
   vertex 0.226158 -0.0291788 -1
   vertex 0.226158 -0.0291788 1
  endloop
 endfacet
 facet normal 0.0295051 0.999565 -0
  outer loop
   vertex 0.479529 0.0267906 -1
   vertex 0.473483 0.026969 -1
   vertex 0.479529 0.0267906 1
  endloop
 endfacet
 facet normal 0.0295051 0.999565 0
  outer loop
   vertex 0.479529 0.0267906 1
   vertex 0.473483 0.026969 -1
   vertex 0.473483 0.026969 1
  endloop
 endfacet
 facet normal -0.0182279 -0.999834 0
  outer loop
   vertex 0.226158 -0.0291788 -1
   vertex 0.232166 -0.0292884 -1
   vertex 0.226158 -0.0291788 1
  endloop
 endfacet
 facet normal -0.0182279 -0.999834 0
  outer loop
   vertex 0.226158 -0.0291788 1
   vertex 0.232166 -0.0292884 -1
   vertex 0.232166 -0.0292884 1
  endloop
 endfacet
 facet normal 0.0302094 0.999544 -0
  outer loop
   vertex 0.485575 0.0266079 -1
   vertex 0.479529 0.0267906 -1
   vertex 0.485575 0.0266079 1
  endloop
 endfacet
 facet normal 0.0302094 0.999544 0
  outer loop
   vertex 0.485575 0.0266079 1
   vertex 0.479529 0.0267906 -1
   vertex 0.479529 0.0267906 1
  endloop
 endfacet
 facet normal -0.0163608 -0.999866 0
  outer loop
   vertex 0.232166 -0.0292884 -1
   vertex 0.238177 -0.0293867 -1
   vertex 0.232166 -0.0292884 1
  endloop
 endfacet
 facet normal -0.0163608 -0.999866 0
  outer loop
   vertex 0.232166 -0.0292884 1
   vertex 0.238177 -0.0293867 -1
   vertex 0.238177 -0.0293867 1
  endloop
 endfacet
 facet normal 0.0309008 0.999522 -0
  outer loop
   vertex 0.491621 0.0264209 -1
   vertex 0.485575 0.0266079 -1
   vertex 0.491621 0.0264209 1
  endloop
 endfacet
 facet normal 0.0309008 0.999522 0
  outer loop
   vertex 0.491621 0.0264209 1
   vertex 0.485575 0.0266079 -1
   vertex 0.485575 0.0266079 1
  endloop
 endfacet
 facet normal -0.0145496 -0.999894 0
  outer loop
   vertex 0.238177 -0.0293867 -1
   vertex 0.244189 -0.0294742 -1
   vertex 0.238177 -0.0293867 1
  endloop
 endfacet
 facet normal -0.0145496 -0.999894 0
  outer loop
   vertex 0.238177 -0.0293867 1
   vertex 0.244189 -0.0294742 -1
   vertex 0.244189 -0.0294742 1
  endloop
 endfacet
 facet normal 0.0315776 0.999501 -0
  outer loop
   vertex 0.497668 0.0262299 -1
   vertex 0.491621 0.0264209 -1
   vertex 0.497668 0.0262299 1
  endloop
 endfacet
 facet normal 0.0315776 0.999501 0
  outer loop
   vertex 0.497668 0.0262299 1
   vertex 0.491621 0.0264209 -1
   vertex 0.491621 0.0264209 1
  endloop
 endfacet
 facet normal -0.0127916 -0.999918 0
  outer loop
   vertex 0.244189 -0.0294742 -1
   vertex 0.250204 -0.0295512 -1
   vertex 0.244189 -0.0294742 1
  endloop
 endfacet
 facet normal -0.0127916 -0.999918 0
  outer loop
   vertex 0.244189 -0.0294742 1
   vertex 0.250204 -0.0295512 -1
   vertex 0.250204 -0.0295512 1
  endloop
 endfacet
 facet normal 0.0322435 0.99948 -0
  outer loop
   vertex 0.503715 0.0260348 -1
   vertex 0.497668 0.0262299 -1
   vertex 0.503715 0.0260348 1
  endloop
 endfacet
 facet normal 0.0322435 0.99948 0
  outer loop
   vertex 0.503715 0.0260348 1
   vertex 0.497668 0.0262299 -1
   vertex 0.497668 0.0262299 1
  endloop
 endfacet
 facet normal -0.0110844 -0.999939 0
  outer loop
   vertex 0.250204 -0.0295512 -1
   vertex 0.25622 -0.0296178 -1
   vertex 0.250204 -0.0295512 1
  endloop
 endfacet
 facet normal -0.0110844 -0.999939 0
  outer loop
   vertex 0.250204 -0.0295512 1
   vertex 0.25622 -0.0296178 -1
   vertex 0.25622 -0.0296178 1
  endloop
 endfacet
 facet normal 0.0328976 0.999459 -0
  outer loop
   vertex 0.509763 0.0258358 -1
   vertex 0.503715 0.0260348 -1
   vertex 0.509763 0.0258358 1
  endloop
 endfacet
 facet normal 0.0328976 0.999459 0
  outer loop
   vertex 0.509763 0.0258358 1
   vertex 0.503715 0.0260348 -1
   vertex 0.503715 0.0260348 1
  endloop
 endfacet
 facet normal -0.00942811 -0.999956 0
  outer loop
   vertex 0.25622 -0.0296178 -1
   vertex 0.262238 -0.0296746 -1
   vertex 0.25622 -0.0296178 1
  endloop
 endfacet
 facet normal -0.00942811 -0.999956 0
  outer loop
   vertex 0.25622 -0.0296178 1
   vertex 0.262238 -0.0296746 -1
   vertex 0.262238 -0.0296746 1
  endloop
 endfacet
 facet normal 0.0335383 0.999437 -0
  outer loop
   vertex 0.51581 0.0256328 -1
   vertex 0.509763 0.0258358 -1
   vertex 0.51581 0.0256328 1
  endloop
 endfacet
 facet normal 0.0335383 0.999437 0
  outer loop
   vertex 0.51581 0.0256328 1
   vertex 0.509763 0.0258358 -1
   vertex 0.509763 0.0258358 1
  endloop
 endfacet
 facet normal -0.00781621 -0.999969 0
  outer loop
   vertex 0.262238 -0.0296746 -1
   vertex 0.268257 -0.0297216 -1
   vertex 0.262238 -0.0296746 1
  endloop
 endfacet
 facet normal -0.00781621 -0.999969 0
  outer loop
   vertex 0.262238 -0.0296746 1
   vertex 0.268257 -0.0297216 -1
   vertex 0.268257 -0.0297216 1
  endloop
 endfacet
 facet normal 0.0341688 0.999416 -0
  outer loop
   vertex 0.521858 0.025426 -1
   vertex 0.51581 0.0256328 -1
   vertex 0.521858 0.025426 1
  endloop
 endfacet
 facet normal 0.0341688 0.999416 0
  outer loop
   vertex 0.521858 0.025426 1
   vertex 0.51581 0.0256328 -1
   vertex 0.51581 0.0256328 1
  endloop
 endfacet
 facet normal -0.00624808 -0.99998 0
  outer loop
   vertex 0.268257 -0.0297216 -1
   vertex 0.274278 -0.0297593 -1
   vertex 0.268257 -0.0297216 1
  endloop
 endfacet
 facet normal -0.00624808 -0.99998 0
  outer loop
   vertex 0.268257 -0.0297216 1
   vertex 0.274278 -0.0297593 -1
   vertex 0.274278 -0.0297593 1
  endloop
 endfacet
 facet normal 0.034787 0.999395 -0
  outer loop
   vertex 0.527906 0.0252155 -1
   vertex 0.521858 0.025426 -1
   vertex 0.527906 0.0252155 1
  endloop
 endfacet
 facet normal 0.034787 0.999395 0
  outer loop
   vertex 0.527906 0.0252155 1
   vertex 0.521858 0.025426 -1
   vertex 0.521858 0.025426 1
  endloop
 endfacet
 facet normal -0.00472554 -0.999989 0
  outer loop
   vertex 0.274278 -0.0297593 -1
   vertex 0.2803 -0.0297877 -1
   vertex 0.274278 -0.0297593 1
  endloop
 endfacet
 facet normal -0.00472554 -0.999989 0
  outer loop
   vertex 0.274278 -0.0297593 1
   vertex 0.2803 -0.0297877 -1
   vertex 0.2803 -0.0297877 1
  endloop
 endfacet
 facet normal 0.0353946 0.999373 -0
  outer loop
   vertex 0.533954 0.0250013 -1
   vertex 0.527906 0.0252155 -1
   vertex 0.533954 0.0250013 1
  endloop
 endfacet
 facet normal 0.0353946 0.999373 0
  outer loop
   vertex 0.533954 0.0250013 1
   vertex 0.527906 0.0252155 -1
   vertex 0.527906 0.0252155 1
  endloop
 endfacet
 facet normal -0.00324215 -0.999995 0
  outer loop
   vertex 0.2803 -0.0297877 -1
   vertex 0.286324 -0.0298072 -1
   vertex 0.2803 -0.0297877 1
  endloop
 endfacet
 facet normal -0.00324215 -0.999995 0
  outer loop
   vertex 0.2803 -0.0297877 1
   vertex 0.286324 -0.0298072 -1
   vertex 0.286324 -0.0298072 1
  endloop
 endfacet
 facet normal 0.0359938 0.999352 -0
  outer loop
   vertex 0.540003 0.0247835 -1
   vertex 0.533954 0.0250013 -1
   vertex 0.540003 0.0247835 1
  endloop
 endfacet
 facet normal 0.0359938 0.999352 0
  outer loop
   vertex 0.540003 0.0247835 1
   vertex 0.533954 0.0250013 -1
   vertex 0.533954 0.0250013 1
  endloop
 endfacet
 facet normal -0.00179742 -0.999998 0
  outer loop
   vertex 0.286324 -0.0298072 -1
   vertex 0.292349 -0.0298181 -1
   vertex 0.286324 -0.0298072 1
  endloop
 endfacet
 facet normal -0.00179742 -0.999998 0
  outer loop
   vertex 0.286324 -0.0298072 1
   vertex 0.292349 -0.0298181 -1
   vertex 0.292349 -0.0298181 1
  endloop
 endfacet
 facet normal 0.0365781 0.999331 -0
  outer loop
   vertex 0.546052 0.0245621 -1
   vertex 0.540003 0.0247835 -1
   vertex 0.546052 0.0245621 1
  endloop
 endfacet
 facet normal 0.0365781 0.999331 0
  outer loop
   vertex 0.546052 0.0245621 1
   vertex 0.540003 0.0247835 -1
   vertex 0.540003 0.0247835 1
  endloop
 endfacet
 facet normal -0.000390067 -1 0
  outer loop
   vertex 0.292349 -0.0298181 -1
   vertex 0.298375 -0.0298204 -1
   vertex 0.292349 -0.0298181 1
  endloop
 endfacet
 facet normal -0.000390067 -1 0
  outer loop
   vertex 0.292349 -0.0298181 1
   vertex 0.298375 -0.0298204 -1
   vertex 0.298375 -0.0298204 1
  endloop
 endfacet
 facet normal 0.0371582 0.999309 -0
  outer loop
   vertex 0.5521 0.0243371 -1
   vertex 0.546052 0.0245621 -1
   vertex 0.5521 0.0243371 1
  endloop
 endfacet
 facet normal 0.0371582 0.999309 0
  outer loop
   vertex 0.5521 0.0243371 1
   vertex 0.546052 0.0245621 -1
   vertex 0.546052 0.0245621 1
  endloop
 endfacet
 facet normal 0.00098055 -1 0
  outer loop
   vertex 0.298375 -0.0298204 -1
   vertex 0.304403 -0.0298145 -1
   vertex 0.298375 -0.0298204 1
  endloop
 endfacet
 facet normal 0.00098055 -1 0
  outer loop
   vertex 0.298375 -0.0298204 1
   vertex 0.304403 -0.0298145 -1
   vertex 0.304403 -0.0298145 1
  endloop
 endfacet
 facet normal 0.0377243 0.999288 -0
  outer loop
   vertex 0.55815 0.0241088 -1
   vertex 0.5521 0.0243371 -1
   vertex 0.55815 0.0241088 1
  endloop
 endfacet
 facet normal 0.0377243 0.999288 0
  outer loop
   vertex 0.55815 0.0241088 1
   vertex 0.5521 0.0243371 -1
   vertex 0.5521 0.0243371 1
  endloop
 endfacet
 facet normal 0.00231575 -0.999997 0
  outer loop
   vertex 0.304403 -0.0298145 -1
   vertex 0.310431 -0.0298005 -1
   vertex 0.304403 -0.0298145 1
  endloop
 endfacet
 facet normal 0.00231575 -0.999997 0
  outer loop
   vertex 0.304403 -0.0298145 1
   vertex 0.310431 -0.0298005 -1
   vertex 0.310431 -0.0298005 1
  endloop
 endfacet
 facet normal 0.0382835 0.999267 -0
  outer loop
   vertex 0.564199 0.023877 -1
   vertex 0.55815 0.0241088 -1
   vertex 0.564199 0.023877 1
  endloop
 endfacet
 facet normal 0.0382835 0.999267 0
  outer loop
   vertex 0.564199 0.023877 1
   vertex 0.55815 0.0241088 -1
   vertex 0.55815 0.0241088 1
  endloop
 endfacet
 facet normal 0.0036187 -0.999993 0
  outer loop
   vertex 0.310431 -0.0298005 -1
   vertex 0.316461 -0.0297787 -1
   vertex 0.310431 -0.0298005 1
  endloop
 endfacet
 facet normal 0.0036187 -0.999993 0
  outer loop
   vertex 0.310431 -0.0298005 1
   vertex 0.316461 -0.0297787 -1
   vertex 0.316461 -0.0297787 1
  endloop
 endfacet
 facet normal 0.0388343 0.999246 -0
  outer loop
   vertex 0.570248 0.0236419 -1
   vertex 0.564199 0.023877 -1
   vertex 0.570248 0.0236419 1
  endloop
 endfacet
 facet normal 0.0388343 0.999246 0
  outer loop
   vertex 0.570248 0.0236419 1
   vertex 0.564199 0.023877 -1
   vertex 0.564199 0.023877 1
  endloop
 endfacet
 facet normal 0.00488989 -0.999988 0
  outer loop
   vertex 0.316461 -0.0297787 -1
   vertex 0.322491 -0.0297492 -1
   vertex 0.316461 -0.0297787 1
  endloop
 endfacet
 facet normal 0.00488989 -0.999988 0
  outer loop
   vertex 0.316461 -0.0297787 1
   vertex 0.322491 -0.0297492 -1
   vertex 0.322491 -0.0297492 1
  endloop
 endfacet
 facet normal 0.039376 0.999224 -0
  outer loop
   vertex 0.576298 0.0234035 -1
   vertex 0.570248 0.0236419 -1
   vertex 0.576298 0.0234035 1
  endloop
 endfacet
 facet normal 0.039376 0.999224 0
  outer loop
   vertex 0.576298 0.0234035 1
   vertex 0.570248 0.0236419 -1
   vertex 0.570248 0.0236419 1
  endloop
 endfacet
 facet normal 0.00612966 -0.999981 0
  outer loop
   vertex 0.322491 -0.0297492 -1
   vertex 0.328523 -0.0297123 -1
   vertex 0.322491 -0.0297492 1
  endloop
 endfacet
 facet normal 0.00612966 -0.999981 0
  outer loop
   vertex 0.322491 -0.0297492 1
   vertex 0.328523 -0.0297123 -1
   vertex 0.328523 -0.0297123 1
  endloop
 endfacet
 facet normal 0.0399072 0.999203 -0
  outer loop
   vertex 0.582348 0.0231619 -1
   vertex 0.576298 0.0234035 -1
   vertex 0.582348 0.0231619 1
  endloop
 endfacet
 facet normal 0.0399072 0.999203 0
  outer loop
   vertex 0.582348 0.0231619 1
   vertex 0.576298 0.0234035 -1
   vertex 0.576298 0.0234035 1
  endloop
 endfacet
 facet normal 0.00733841 -0.999973 0
  outer loop
   vertex 0.328523 -0.0297123 -1
   vertex 0.334555 -0.029668 -1
   vertex 0.328523 -0.0297123 1
  endloop
 endfacet
 facet normal 0.00733841 -0.999973 0
  outer loop
   vertex 0.328523 -0.0297123 1
   vertex 0.334555 -0.029668 -1
   vertex 0.334555 -0.029668 1
  endloop
 endfacet
 facet normal 0.0404328 0.999182 -0
  outer loop
   vertex 0.588397 0.0229171 -1
   vertex 0.582348 0.0231619 -1
   vertex 0.588397 0.0229171 1
  endloop
 endfacet
 facet normal 0.0404328 0.999182 0
  outer loop
   vertex 0.588397 0.0229171 1
   vertex 0.582348 0.0231619 -1
   vertex 0.582348 0.0231619 1
  endloop
 endfacet
 facet normal 0.0085189 -0.999964 0
  outer loop
   vertex 0.334555 -0.029668 -1
   vertex 0.340589 -0.0296166 -1
   vertex 0.334555 -0.029668 1
  endloop
 endfacet
 facet normal 0.0085189 -0.999964 0
  outer loop
   vertex 0.334555 -0.029668 1
   vertex 0.340589 -0.0296166 -1
   vertex 0.340589 -0.0296166 1
  endloop
 endfacet
 facet normal 0.0409507 0.999161 -0
  outer loop
   vertex 0.594447 0.0226691 -1
   vertex 0.588397 0.0229171 -1
   vertex 0.594447 0.0226691 1
  endloop
 endfacet
 facet normal 0.0409507 0.999161 0
  outer loop
   vertex 0.594447 0.0226691 1
   vertex 0.588397 0.0229171 -1
   vertex 0.588397 0.0229171 1
  endloop
 endfacet
 facet normal 0.00967285 -0.999953 0
  outer loop
   vertex 0.340589 -0.0296166 -1
   vertex 0.346623 -0.0295582 -1
   vertex 0.340589 -0.0296166 1
  endloop
 endfacet
 facet normal 0.00967285 -0.999953 0
  outer loop
   vertex 0.340589 -0.0296166 1
   vertex 0.346623 -0.0295582 -1
   vertex 0.346623 -0.0295582 1
  endloop
 endfacet
 facet normal 0.0414604 0.99914 -0
  outer loop
   vertex 0.600497 0.0224181 -1
   vertex 0.594447 0.0226691 -1
   vertex 0.600497 0.0224181 1
  endloop
 endfacet
 facet normal 0.0414604 0.99914 0
  outer loop
   vertex 0.600497 0.0224181 1
   vertex 0.594447 0.0226691 -1
   vertex 0.594447 0.0226691 1
  endloop
 endfacet
 facet normal 0.0107981 -0.999942 0
  outer loop
   vertex 0.346623 -0.0295582 -1
   vertex 0.352658 -0.0294931 -1
   vertex 0.346623 -0.0295582 1
  endloop
 endfacet
 facet normal 0.0107981 -0.999942 0
  outer loop
   vertex 0.346623 -0.0295582 1
   vertex 0.352658 -0.0294931 -1
   vertex 0.352658 -0.0294931 1
  endloop
 endfacet
 facet normal 0.0419616 0.999119 -0
  outer loop
   vertex 0.606547 0.022164 -1
   vertex 0.600497 0.0224181 -1
   vertex 0.606547 0.022164 1
  endloop
 endfacet
 facet normal 0.0419616 0.999119 0
  outer loop
   vertex 0.606547 0.022164 1
   vertex 0.600497 0.0224181 -1
   vertex 0.600497 0.0224181 1
  endloop
 endfacet
 facet normal 0.0118983 -0.999929 0
  outer loop
   vertex 0.352658 -0.0294931 -1
   vertex 0.358694 -0.0294212 -1
   vertex 0.352658 -0.0294931 1
  endloop
 endfacet
 facet normal 0.0118983 -0.999929 0
  outer loop
   vertex 0.352658 -0.0294931 1
   vertex 0.358694 -0.0294212 -1
   vertex 0.358694 -0.0294212 1
  endloop
 endfacet
 facet normal 0.0424568 0.999098 -0
  outer loop
   vertex 0.612598 0.0219069 -1
   vertex 0.606547 0.022164 -1
   vertex 0.612598 0.0219069 1
  endloop
 endfacet
 facet normal 0.0424568 0.999098 0
  outer loop
   vertex 0.612598 0.0219069 1
   vertex 0.606547 0.022164 -1
   vertex 0.606547 0.022164 1
  endloop
 endfacet
 facet normal 0.0129716 -0.999916 0
  outer loop
   vertex 0.358694 -0.0294212 -1
   vertex 0.36473 -0.0293429 -1
   vertex 0.358694 -0.0294212 1
  endloop
 endfacet
 facet normal 0.0129716 -0.999916 0
  outer loop
   vertex 0.358694 -0.0294212 1
   vertex 0.36473 -0.0293429 -1
   vertex 0.36473 -0.0293429 1
  endloop
 endfacet
 facet normal 0.0429484 0.999077 -0
  outer loop
   vertex 0.618648 0.0216468 -1
   vertex 0.612598 0.0219069 -1
   vertex 0.618648 0.0216468 1
  endloop
 endfacet
 facet normal 0.0429484 0.999077 0
  outer loop
   vertex 0.618648 0.0216468 1
   vertex 0.612598 0.0219069 -1
   vertex 0.612598 0.0219069 1
  endloop
 endfacet
 facet normal 0.0140236 -0.999902 0
  outer loop
   vertex 0.36473 -0.0293429 -1
   vertex 0.370767 -0.0292583 -1
   vertex 0.36473 -0.0293429 1
  endloop
 endfacet
 facet normal 0.0140236 -0.999902 0
  outer loop
   vertex 0.36473 -0.0293429 1
   vertex 0.370767 -0.0292583 -1
   vertex 0.370767 -0.0292583 1
  endloop
 endfacet
 facet normal 0.043429 0.999057 -0
  outer loop
   vertex 0.624699 0.0213838 -1
   vertex 0.618648 0.0216468 -1
   vertex 0.624699 0.0213838 1
  endloop
 endfacet
 facet normal 0.043429 0.999057 0
  outer loop
   vertex 0.624699 0.0213838 1
   vertex 0.618648 0.0216468 -1
   vertex 0.618648 0.0216468 1
  endloop
 endfacet
 facet normal 0.0150499 -0.999887 0
  outer loop
   vertex 0.370767 -0.0292583 -1
   vertex 0.376805 -0.0291674 -1
   vertex 0.370767 -0.0292583 1
  endloop
 endfacet
 facet normal 0.0150499 -0.999887 0
  outer loop
   vertex 0.370767 -0.0292583 1
   vertex 0.376805 -0.0291674 -1
   vertex 0.376805 -0.0291674 1
  endloop
 endfacet
 facet normal 0.0439062 0.999036 -0
  outer loop
   vertex 0.630749 0.0211179 -1
   vertex 0.624699 0.0213838 -1
   vertex 0.630749 0.0211179 1
  endloop
 endfacet
 facet normal 0.0439062 0.999036 0
  outer loop
   vertex 0.630749 0.0211179 1
   vertex 0.624699 0.0213838 -1
   vertex 0.624699 0.0213838 1
  endloop
 endfacet
 facet normal 0.0160534 -0.999871 0
  outer loop
   vertex 0.376805 -0.0291674 -1
   vertex 0.382843 -0.0290704 -1
   vertex 0.376805 -0.0291674 1
  endloop
 endfacet
 facet normal 0.0160534 -0.999871 0
  outer loop
   vertex 0.376805 -0.0291674 1
   vertex 0.382843 -0.0290704 -1
   vertex 0.382843 -0.0290704 1
  endloop
 endfacet
 facet normal 0.0443768 0.999015 -0
  outer loop
   vertex 0.6368 0.0208491 -1
   vertex 0.630749 0.0211179 -1
   vertex 0.6368 0.0208491 1
  endloop
 endfacet
 facet normal 0.0443768 0.999015 0
  outer loop
   vertex 0.6368 0.0208491 1
   vertex 0.630749 0.0211179 -1
   vertex 0.630749 0.0211179 1
  endloop
 endfacet
 facet normal 0.0170346 -0.999855 0
  outer loop
   vertex 0.382843 -0.0290704 -1
   vertex 0.388883 -0.0289675 -1
   vertex 0.382843 -0.0290704 1
  endloop
 endfacet
 facet normal 0.0170346 -0.999855 0
  outer loop
   vertex 0.382843 -0.0290704 1
   vertex 0.388883 -0.0289675 -1
   vertex 0.388883 -0.0289675 1
  endloop
 endfacet
 facet normal 0.0448407 0.998994 -0
  outer loop
   vertex 0.64285 0.0205775 -1
   vertex 0.6368 0.0208491 -1
   vertex 0.64285 0.0205775 1
  endloop
 endfacet
 facet normal 0.0448407 0.998994 0
  outer loop
   vertex 0.64285 0.0205775 1
   vertex 0.6368 0.0208491 -1
   vertex 0.6368 0.0208491 1
  endloop
 endfacet
 facet normal 0.0179948 -0.999838 0
  outer loop
   vertex 0.388883 -0.0289675 -1
   vertex 0.394922 -0.0288588 -1
   vertex 0.388883 -0.0289675 1
  endloop
 endfacet
 facet normal 0.0179948 -0.999838 0
  outer loop
   vertex 0.388883 -0.0289675 1
   vertex 0.394922 -0.0288588 -1
   vertex 0.394922 -0.0288588 1
  endloop
 endfacet
 facet normal 0.0453019 0.998973 -0
  outer loop
   vertex 0.648901 0.0203031 -1
   vertex 0.64285 0.0205775 -1
   vertex 0.648901 0.0203031 1
  endloop
 endfacet
 facet normal 0.0453019 0.998973 0
  outer loop
   vertex 0.648901 0.0203031 1
   vertex 0.64285 0.0205775 -1
   vertex 0.64285 0.0205775 1
  endloop
 endfacet
 facet normal 0.0189348 -0.999821 0
  outer loop
   vertex 0.394922 -0.0288588 -1
   vertex 0.400963 -0.0287444 -1
   vertex 0.394922 -0.0288588 1
  endloop
 endfacet
 facet normal 0.0189348 -0.999821 0
  outer loop
   vertex 0.394922 -0.0288588 1
   vertex 0.400963 -0.0287444 -1
   vertex 0.400963 -0.0287444 1
  endloop
 endfacet
 facet normal 0.0198525 -0.999803 0
  outer loop
   vertex 0.400963 -0.0287444 -1
   vertex 0.407003 -0.0286245 -1
   vertex 0.400963 -0.0287444 1
  endloop
 endfacet
 facet normal 0.0198525 -0.999803 0
  outer loop
   vertex 0.400963 -0.0287444 1
   vertex 0.407003 -0.0286245 -1
   vertex 0.407003 -0.0286245 1
  endloop
 endfacet
 facet normal 0.0457556 0.998953 -0
  outer loop
   vertex 0.654952 0.020026 -1
   vertex 0.648901 0.0203031 -1
   vertex 0.654952 0.020026 1
  endloop
 endfacet
 facet normal 0.0457556 0.998953 0
  outer loop
   vertex 0.654952 0.020026 1
   vertex 0.648901 0.0203031 -1
   vertex 0.648901 0.0203031 1
  endloop
 endfacet
 facet normal 0.0207525 -0.999785 0
  outer loop
   vertex 0.407003 -0.0286245 -1
   vertex 0.413045 -0.0284991 -1
   vertex 0.407003 -0.0286245 1
  endloop
 endfacet
 facet normal 0.0207525 -0.999785 0
  outer loop
   vertex 0.407003 -0.0286245 1
   vertex 0.413045 -0.0284991 -1
   vertex 0.413045 -0.0284991 1
  endloop
 endfacet
 facet normal 0.0462062 0.998932 -0
  outer loop
   vertex 0.661002 0.0197461 -1
   vertex 0.654952 0.020026 -1
   vertex 0.661002 0.0197461 1
  endloop
 endfacet
 facet normal 0.0462062 0.998932 0
  outer loop
   vertex 0.661002 0.0197461 1
   vertex 0.654952 0.020026 -1
   vertex 0.654952 0.020026 1
  endloop
 endfacet
 facet normal 0.0216339 -0.999766 0
  outer loop
   vertex 0.413045 -0.0284991 -1
   vertex 0.419087 -0.0283684 -1
   vertex 0.413045 -0.0284991 1
  endloop
 endfacet
 facet normal 0.0216339 -0.999766 0
  outer loop
   vertex 0.413045 -0.0284991 1
   vertex 0.419087 -0.0283684 -1
   vertex 0.419087 -0.0283684 1
  endloop
 endfacet
 facet normal 0.0466511 0.998911 -0
  outer loop
   vertex 0.667053 0.0194635 -1
   vertex 0.661002 0.0197461 -1
   vertex 0.667053 0.0194635 1
  endloop
 endfacet
 facet normal 0.0466511 0.998911 0
  outer loop
   vertex 0.667053 0.0194635 1
   vertex 0.661002 0.0197461 -1
   vertex 0.661002 0.0197461 1
  endloop
 endfacet
 facet normal 0.0224957 -0.999747 0
  outer loop
   vertex 0.419087 -0.0283684 -1
   vertex 0.425129 -0.0282324 -1
   vertex 0.419087 -0.0283684 1
  endloop
 endfacet
 facet normal 0.0224957 -0.999747 0
  outer loop
   vertex 0.419087 -0.0283684 1
   vertex 0.425129 -0.0282324 -1
   vertex 0.425129 -0.0282324 1
  endloop
 endfacet
 facet normal 0.0470902 0.998891 -0
  outer loop
   vertex 0.673104 0.0191783 -1
   vertex 0.667053 0.0194635 -1
   vertex 0.673104 0.0191783 1
  endloop
 endfacet
 facet normal 0.0470902 0.998891 0
  outer loop
   vertex 0.673104 0.0191783 1
   vertex 0.667053 0.0194635 -1
   vertex 0.667053 0.0194635 1
  endloop
 endfacet
 facet normal 0.0233387 -0.999728 0
  outer loop
   vertex 0.425129 -0.0282324 -1
   vertex 0.431172 -0.0280913 -1
   vertex 0.425129 -0.0282324 1
  endloop
 endfacet
 facet normal 0.0233387 -0.999728 0
  outer loop
   vertex 0.425129 -0.0282324 1
   vertex 0.431172 -0.0280913 -1
   vertex 0.431172 -0.0280913 1
  endloop
 endfacet
 facet normal 0.0475285 0.99887 -0
  outer loop
   vertex 0.679155 0.0188904 -1
   vertex 0.673104 0.0191783 -1
   vertex 0.679155 0.0188904 1
  endloop
 endfacet
 facet normal 0.0475285 0.99887 0
  outer loop
   vertex 0.679155 0.0188904 1
   vertex 0.673104 0.0191783 -1
   vertex 0.673104 0.0191783 1
  endloop
 endfacet
 facet normal 0.0241654 -0.999708 0
  outer loop
   vertex 0.431172 -0.0280913 -1
   vertex 0.437215 -0.0279453 -1
   vertex 0.431172 -0.0280913 1
  endloop
 endfacet
 facet normal 0.0241654 -0.999708 0
  outer loop
   vertex 0.431172 -0.0280913 1
   vertex 0.437215 -0.0279453 -1
   vertex 0.437215 -0.0279453 1
  endloop
 endfacet
 facet normal 0.0479597 0.998849 -0
  outer loop
   vertex 0.685205 0.0185998 -1
   vertex 0.679155 0.0188904 -1
   vertex 0.685205 0.0185998 1
  endloop
 endfacet
 facet normal 0.0479597 0.998849 0
  outer loop
   vertex 0.685205 0.0185998 1
   vertex 0.679155 0.0188904 -1
   vertex 0.679155 0.0188904 1
  endloop
 endfacet
 facet normal 0.0249752 -0.999688 0
  outer loop
   vertex 0.437215 -0.0279453 -1
   vertex 0.443259 -0.0277943 -1
   vertex 0.437215 -0.0279453 1
  endloop
 endfacet
 facet normal 0.0249752 -0.999688 0
  outer loop
   vertex 0.437215 -0.0279453 1
   vertex 0.443259 -0.0277943 -1
   vertex 0.443259 -0.0277943 1
  endloop
 endfacet
 facet normal 0.0483888 0.998829 -0
  outer loop
   vertex 0.691256 0.0183067 -1
   vertex 0.685205 0.0185998 -1
   vertex 0.691256 0.0183067 1
  endloop
 endfacet
 facet normal 0.0483888 0.998829 0
  outer loop
   vertex 0.691256 0.0183067 1
   vertex 0.685205 0.0185998 -1
   vertex 0.685205 0.0185998 1
  endloop
 endfacet
 facet normal 0.0257688 -0.999668 0
  outer loop
   vertex 0.443259 -0.0277943 -1
   vertex 0.449303 -0.0276385 -1
   vertex 0.443259 -0.0277943 1
  endloop
 endfacet
 facet normal 0.0257688 -0.999668 0
  outer loop
   vertex 0.443259 -0.0277943 1
   vertex 0.449303 -0.0276385 -1
   vertex 0.449303 -0.0276385 1
  endloop
 endfacet
 facet normal 0.0488151 0.998808 -0
  outer loop
   vertex 0.697307 0.018011 -1
   vertex 0.691256 0.0183067 -1
   vertex 0.697307 0.018011 1
  endloop
 endfacet
 facet normal 0.0488151 0.998808 0
  outer loop
   vertex 0.697307 0.018011 1
   vertex 0.691256 0.0183067 -1
   vertex 0.691256 0.0183067 1
  endloop
 endfacet
 facet normal 0.0265458 -0.999648 0
  outer loop
   vertex 0.449303 -0.0276385 -1
   vertex 0.455347 -0.0274779 -1
   vertex 0.449303 -0.0276385 1
  endloop
 endfacet
 facet normal 0.0265458 -0.999648 0
  outer loop
   vertex 0.449303 -0.0276385 1
   vertex 0.455347 -0.0274779 -1
   vertex 0.455347 -0.0274779 1
  endloop
 endfacet
 facet normal 0.049237 0.998787 -0
  outer loop
   vertex 0.703358 0.0177127 -1
   vertex 0.697307 0.018011 -1
   vertex 0.703358 0.0177127 1
  endloop
 endfacet
 facet normal 0.049237 0.998787 0
  outer loop
   vertex 0.703358 0.0177127 1
   vertex 0.697307 0.018011 -1
   vertex 0.697307 0.018011 1
  endloop
 endfacet
 facet normal 0.0273069 -0.999627 0
  outer loop
   vertex 0.455347 -0.0274779 -1
   vertex 0.461392 -0.0273128 -1
   vertex 0.455347 -0.0274779 1
  endloop
 endfacet
 facet normal 0.0273069 -0.999627 0
  outer loop
   vertex 0.455347 -0.0274779 1
   vertex 0.461392 -0.0273128 -1
   vertex 0.461392 -0.0273128 1
  endloop
 endfacet
 facet normal 0.0496566 0.998766 -0
  outer loop
   vertex 0.709408 0.0174119 -1
   vertex 0.703358 0.0177127 -1
   vertex 0.709408 0.0174119 1
  endloop
 endfacet
 facet normal 0.0496566 0.998766 0
  outer loop
   vertex 0.709408 0.0174119 1
   vertex 0.703358 0.0177127 -1
   vertex 0.703358 0.0177127 1
  endloop
 endfacet
 facet normal 0.0280558 -0.999606 0
  outer loop
   vertex 0.461392 -0.0273128 -1
   vertex 0.467437 -0.0271432 -1
   vertex 0.461392 -0.0273128 1
  endloop
 endfacet
 facet normal 0.0280558 -0.999606 0
  outer loop
   vertex 0.461392 -0.0273128 1
   vertex 0.467437 -0.0271432 -1
   vertex 0.467437 -0.0271432 1
  endloop
 endfacet
 facet normal 0.0500723 0.998746 -0
  outer loop
   vertex 0.715459 0.0171085 -1
   vertex 0.709408 0.0174119 -1
   vertex 0.715459 0.0171085 1
  endloop
 endfacet
 facet normal 0.0500723 0.998746 0
  outer loop
   vertex 0.715459 0.0171085 1
   vertex 0.709408 0.0174119 -1
   vertex 0.709408 0.0174119 1
  endloop
 endfacet
 facet normal 0.0287862 -0.999586 0
  outer loop
   vertex 0.467437 -0.0271432 -1
   vertex 0.473483 -0.026969 -1
   vertex 0.467437 -0.0271432 1
  endloop
 endfacet
 facet normal 0.0287862 -0.999586 0
  outer loop
   vertex 0.467437 -0.0271432 1
   vertex 0.473483 -0.026969 -1
   vertex 0.473483 -0.026969 1
  endloop
 endfacet
 facet normal 0.0295051 -0.999565 0
  outer loop
   vertex 0.473483 -0.026969 -1
   vertex 0.479529 -0.0267906 -1
   vertex 0.473483 -0.026969 1
  endloop
 endfacet
 facet normal 0.0295051 -0.999565 0
  outer loop
   vertex 0.473483 -0.026969 1
   vertex 0.479529 -0.0267906 -1
   vertex 0.479529 -0.0267906 1
  endloop
 endfacet
 facet normal 0.0504857 0.998725 -0
  outer loop
   vertex 0.72151 0.0168027 -1
   vertex 0.715459 0.0171085 -1
   vertex 0.72151 0.0168027 1
  endloop
 endfacet
 facet normal 0.0504857 0.998725 0
  outer loop
   vertex 0.72151 0.0168027 1
   vertex 0.715459 0.0171085 -1
   vertex 0.715459 0.0171085 1
  endloop
 endfacet
 facet normal 0.0302094 -0.999544 0
  outer loop
   vertex 0.479529 -0.0267906 -1
   vertex 0.485575 -0.0266079 -1
   vertex 0.479529 -0.0267906 1
  endloop
 endfacet
 facet normal 0.0302094 -0.999544 0
  outer loop
   vertex 0.479529 -0.0267906 1
   vertex 0.485575 -0.0266079 -1
   vertex 0.485575 -0.0266079 1
  endloop
 endfacet
 facet normal 0.0508979 0.998704 -0
  outer loop
   vertex 0.72756 0.0164943 -1
   vertex 0.72151 0.0168027 -1
   vertex 0.72756 0.0164943 1
  endloop
 endfacet
 facet normal 0.0508979 0.998704 0
  outer loop
   vertex 0.72756 0.0164943 1
   vertex 0.72151 0.0168027 -1
   vertex 0.72151 0.0168027 1
  endloop
 endfacet
 facet normal 0.0309008 -0.999522 0
  outer loop
   vertex 0.485575 -0.0266079 -1
   vertex 0.491621 -0.0264209 -1
   vertex 0.485575 -0.0266079 1
  endloop
 endfacet
 facet normal 0.0309008 -0.999522 0
  outer loop
   vertex 0.485575 -0.0266079 1
   vertex 0.491621 -0.0264209 -1
   vertex 0.491621 -0.0264209 1
  endloop
 endfacet
 facet normal 0.0513084 0.998683 -0
  outer loop
   vertex 0.733611 0.0161835 -1
   vertex 0.72756 0.0164943 -1
   vertex 0.733611 0.0161835 1
  endloop
 endfacet
 facet normal 0.0513084 0.998683 0
  outer loop
   vertex 0.733611 0.0161835 1
   vertex 0.72756 0.0164943 -1
   vertex 0.72756 0.0164943 1
  endloop
 endfacet
 facet normal 0.0315776 -0.999501 0
  outer loop
   vertex 0.491621 -0.0264209 -1
   vertex 0.497668 -0.0262299 -1
   vertex 0.491621 -0.0264209 1
  endloop
 endfacet
 facet normal 0.0315776 -0.999501 0
  outer loop
   vertex 0.491621 -0.0264209 1
   vertex 0.497668 -0.0262299 -1
   vertex 0.497668 -0.0262299 1
  endloop
 endfacet
 facet normal 0.0517158 0.998662 -0
  outer loop
   vertex 0.739661 0.0158701 -1
   vertex 0.733611 0.0161835 -1
   vertex 0.739661 0.0158701 1
  endloop
 endfacet
 facet normal 0.0517158 0.998662 0
  outer loop
   vertex 0.739661 0.0158701 1
   vertex 0.733611 0.0161835 -1
   vertex 0.733611 0.0161835 1
  endloop
 endfacet
 facet normal 0.0322435 -0.99948 0
  outer loop
   vertex 0.497668 -0.0262299 -1
   vertex 0.503715 -0.0260348 -1
   vertex 0.497668 -0.0262299 1
  endloop
 endfacet
 facet normal 0.0322435 -0.99948 0
  outer loop
   vertex 0.497668 -0.0262299 1
   vertex 0.503715 -0.0260348 -1
   vertex 0.503715 -0.0260348 1
  endloop
 endfacet
 facet normal 0.0521206 0.998641 -0
  outer loop
   vertex 0.745711 0.0155543 -1
   vertex 0.739661 0.0158701 -1
   vertex 0.745711 0.0155543 1
  endloop
 endfacet
 facet normal 0.0521206 0.998641 0
  outer loop
   vertex 0.745711 0.0155543 1
   vertex 0.739661 0.0158701 -1
   vertex 0.739661 0.0158701 1
  endloop
 endfacet
 facet normal 0.0328976 -0.999459 0
  outer loop
   vertex 0.503715 -0.0260348 -1
   vertex 0.509763 -0.0258358 -1
   vertex 0.503715 -0.0260348 1
  endloop
 endfacet
 facet normal 0.0328976 -0.999459 0
  outer loop
   vertex 0.503715 -0.0260348 1
   vertex 0.509763 -0.0258358 -1
   vertex 0.509763 -0.0258358 1
  endloop
 endfacet
 facet normal 0.0525254 0.99862 -0
  outer loop
   vertex 0.751762 0.0152361 -1
   vertex 0.745711 0.0155543 -1
   vertex 0.751762 0.0152361 1
  endloop
 endfacet
 facet normal 0.0525254 0.99862 0
  outer loop
   vertex 0.751762 0.0152361 1
   vertex 0.745711 0.0155543 -1
   vertex 0.745711 0.0155543 1
  endloop
 endfacet
 facet normal 0.0335383 -0.999437 0
  outer loop
   vertex 0.509763 -0.0258358 -1
   vertex 0.51581 -0.0256328 -1
   vertex 0.509763 -0.0258358 1
  endloop
 endfacet
 facet normal 0.0335383 -0.999437 0
  outer loop
   vertex 0.509763 -0.0258358 1
   vertex 0.51581 -0.0256328 -1
   vertex 0.51581 -0.0256328 1
  endloop
 endfacet
 facet normal 0.0341688 -0.999416 0
  outer loop
   vertex 0.51581 -0.0256328 -1
   vertex 0.521858 -0.025426 -1
   vertex 0.51581 -0.0256328 1
  endloop
 endfacet
 facet normal 0.0341688 -0.999416 0
  outer loop
   vertex 0.51581 -0.0256328 1
   vertex 0.521858 -0.025426 -1
   vertex 0.521858 -0.025426 1
  endloop
 endfacet
 facet normal 0.0529291 0.998598 -0
  outer loop
   vertex 0.757812 0.0149154 -1
   vertex 0.751762 0.0152361 -1
   vertex 0.757812 0.0149154 1
  endloop
 endfacet
 facet normal 0.0529291 0.998598 0
  outer loop
   vertex 0.757812 0.0149154 1
   vertex 0.751762 0.0152361 -1
   vertex 0.751762 0.0152361 1
  endloop
 endfacet
 facet normal 0.034787 -0.999395 0
  outer loop
   vertex 0.521858 -0.025426 -1
   vertex 0.527906 -0.0252155 -1
   vertex 0.521858 -0.025426 1
  endloop
 endfacet
 facet normal 0.034787 -0.999395 0
  outer loop
   vertex 0.521858 -0.025426 1
   vertex 0.527906 -0.0252155 -1
   vertex 0.527906 -0.0252155 1
  endloop
 endfacet
 facet normal 0.0533297 0.998577 -0
  outer loop
   vertex 0.763862 0.0145923 -1
   vertex 0.757812 0.0149154 -1
   vertex 0.763862 0.0145923 1
  endloop
 endfacet
 facet normal 0.0533297 0.998577 0
  outer loop
   vertex 0.763862 0.0145923 1
   vertex 0.757812 0.0149154 -1
   vertex 0.757812 0.0149154 1
  endloop
 endfacet
 facet normal 0.0353946 -0.999373 0
  outer loop
   vertex 0.527906 -0.0252155 -1
   vertex 0.533954 -0.0250013 -1
   vertex 0.527906 -0.0252155 1
  endloop
 endfacet
 facet normal 0.0353946 -0.999373 0
  outer loop
   vertex 0.527906 -0.0252155 1
   vertex 0.533954 -0.0250013 -1
   vertex 0.533954 -0.0250013 1
  endloop
 endfacet
 facet normal 0.0359938 -0.999352 0
  outer loop
   vertex 0.533954 -0.0250013 -1
   vertex 0.540003 -0.0247835 -1
   vertex 0.533954 -0.0250013 1
  endloop
 endfacet
 facet normal 0.0359938 -0.999352 0
  outer loop
   vertex 0.533954 -0.0250013 1
   vertex 0.540003 -0.0247835 -1
   vertex 0.540003 -0.0247835 1
  endloop
 endfacet
 facet normal 0.0537328 0.998555 -0
  outer loop
   vertex 0.769912 0.0142668 -1
   vertex 0.763862 0.0145923 -1
   vertex 0.769912 0.0142668 1
  endloop
 endfacet
 facet normal 0.0537328 0.998555 0
  outer loop
   vertex 0.769912 0.0142668 1
   vertex 0.763862 0.0145923 -1
   vertex 0.763862 0.0145923 1
  endloop
 endfacet
 facet normal 0.0365781 -0.999331 0
  outer loop
   vertex 0.540003 -0.0247835 -1
   vertex 0.546052 -0.0245621 -1
   vertex 0.540003 -0.0247835 1
  endloop
 endfacet
 facet normal 0.0365781 -0.999331 0
  outer loop
   vertex 0.540003 -0.0247835 1
   vertex 0.546052 -0.0245621 -1
   vertex 0.546052 -0.0245621 1
  endloop
 endfacet
 facet normal 0.0541331 0.998534 -0
  outer loop
   vertex 0.775962 0.0139388 -1
   vertex 0.769912 0.0142668 -1
   vertex 0.775962 0.0139388 1
  endloop
 endfacet
 facet normal 0.0541331 0.998534 0
  outer loop
   vertex 0.775962 0.0139388 1
   vertex 0.769912 0.0142668 -1
   vertex 0.769912 0.0142668 1
  endloop
 endfacet
 facet normal 0.0371582 -0.999309 0
  outer loop
   vertex 0.546052 -0.0245621 -1
   vertex 0.5521 -0.0243371 -1
   vertex 0.546052 -0.0245621 1
  endloop
 endfacet
 facet normal 0.0371582 -0.999309 0
  outer loop
   vertex 0.546052 -0.0245621 1
   vertex 0.5521 -0.0243371 -1
   vertex 0.5521 -0.0243371 1
  endloop
 endfacet
 facet normal 0.0545347 0.998512 -0
  outer loop
   vertex 0.782011 0.0136084 -1
   vertex 0.775962 0.0139388 -1
   vertex 0.782011 0.0136084 1
  endloop
 endfacet
 facet normal 0.0545347 0.998512 0
  outer loop
   vertex 0.782011 0.0136084 1
   vertex 0.775962 0.0139388 -1
   vertex 0.775962 0.0139388 1
  endloop
 endfacet
 facet normal 0.0377243 -0.999288 0
  outer loop
   vertex 0.5521 -0.0243371 -1
   vertex 0.55815 -0.0241088 -1
   vertex 0.5521 -0.0243371 1
  endloop
 endfacet
 facet normal 0.0377243 -0.999288 0
  outer loop
   vertex 0.5521 -0.0243371 1
   vertex 0.55815 -0.0241088 -1
   vertex 0.55815 -0.0241088 1
  endloop
 endfacet
 facet normal 0.0382835 -0.999267 0
  outer loop
   vertex 0.55815 -0.0241088 -1
   vertex 0.564199 -0.023877 -1
   vertex 0.55815 -0.0241088 1
  endloop
 endfacet
 facet normal 0.0382835 -0.999267 0
  outer loop
   vertex 0.55815 -0.0241088 1
   vertex 0.564199 -0.023877 -1
   vertex 0.564199 -0.023877 1
  endloop
 endfacet
 facet normal 0.0549319 0.99849 -0
  outer loop
   vertex 0.788061 0.0132756 -1
   vertex 0.782011 0.0136084 -1
   vertex 0.788061 0.0132756 1
  endloop
 endfacet
 facet normal 0.0549319 0.99849 0
  outer loop
   vertex 0.788061 0.0132756 1
   vertex 0.782011 0.0136084 -1
   vertex 0.782011 0.0136084 1
  endloop
 endfacet
 facet normal 0.0388343 -0.999246 0
  outer loop
   vertex 0.564199 -0.023877 -1
   vertex 0.570248 -0.0236419 -1
   vertex 0.564199 -0.023877 1
  endloop
 endfacet
 facet normal 0.0388343 -0.999246 0
  outer loop
   vertex 0.564199 -0.023877 1
   vertex 0.570248 -0.0236419 -1
   vertex 0.570248 -0.0236419 1
  endloop
 endfacet
 facet normal 0.055335 0.998468 -0
  outer loop
   vertex 0.79411 0.0129403 -1
   vertex 0.788061 0.0132756 -1
   vertex 0.79411 0.0129403 1
  endloop
 endfacet
 facet normal 0.055335 0.998468 0
  outer loop
   vertex 0.79411 0.0129403 1
   vertex 0.788061 0.0132756 -1
   vertex 0.788061 0.0132756 1
  endloop
 endfacet
 facet normal 0.039376 -0.999224 0
  outer loop
   vertex 0.570248 -0.0236419 -1
   vertex 0.576298 -0.0234035 -1
   vertex 0.570248 -0.0236419 1
  endloop
 endfacet
 facet normal 0.039376 -0.999224 0
  outer loop
   vertex 0.570248 -0.0236419 1
   vertex 0.576298 -0.0234035 -1
   vertex 0.576298 -0.0234035 1
  endloop
 endfacet
 facet normal 0.0399072 -0.999203 0
  outer loop
   vertex 0.576298 -0.0234035 -1
   vertex 0.582348 -0.0231619 -1
   vertex 0.576298 -0.0234035 1
  endloop
 endfacet
 facet normal 0.0399072 -0.999203 0
  outer loop
   vertex 0.576298 -0.0234035 1
   vertex 0.582348 -0.0231619 -1
   vertex 0.582348 -0.0231619 1
  endloop
 endfacet
 facet normal 0.0557325 0.998446 -0
  outer loop
   vertex 0.80016 0.0126026 -1
   vertex 0.79411 0.0129403 -1
   vertex 0.80016 0.0126026 1
  endloop
 endfacet
 facet normal 0.0557325 0.998446 0
  outer loop
   vertex 0.80016 0.0126026 1
   vertex 0.79411 0.0129403 -1
   vertex 0.79411 0.0129403 1
  endloop
 endfacet
 facet normal 0.0404328 -0.999182 0
  outer loop
   vertex 0.582348 -0.0231619 -1
   vertex 0.588397 -0.0229171 -1
   vertex 0.582348 -0.0231619 1
  endloop
 endfacet
 facet normal 0.0404328 -0.999182 0
  outer loop
   vertex 0.582348 -0.0231619 1
   vertex 0.588397 -0.0229171 -1
   vertex 0.588397 -0.0229171 1
  endloop
 endfacet
 facet normal 0.0561353 0.998423 -0
  outer loop
   vertex 0.806209 0.0122625 -1
   vertex 0.80016 0.0126026 -1
   vertex 0.806209 0.0122625 1
  endloop
 endfacet
 facet normal 0.0561353 0.998423 0
  outer loop
   vertex 0.806209 0.0122625 1
   vertex 0.80016 0.0126026 -1
   vertex 0.80016 0.0126026 1
  endloop
 endfacet
 facet normal 0.0409507 -0.999161 0
  outer loop
   vertex 0.588397 -0.0229171 -1
   vertex 0.594447 -0.0226691 -1
   vertex 0.588397 -0.0229171 1
  endloop
 endfacet
 facet normal 0.0409507 -0.999161 0
  outer loop
   vertex 0.588397 -0.0229171 1
   vertex 0.594447 -0.0226691 -1
   vertex 0.594447 -0.0226691 1
  endloop
 endfacet
 facet normal 0.0565354 0.998401 -0
  outer loop
   vertex 0.812258 0.01192 -1
   vertex 0.806209 0.0122625 -1
   vertex 0.812258 0.01192 1
  endloop
 endfacet
 facet normal 0.0565354 0.998401 0
  outer loop
   vertex 0.812258 0.01192 1
   vertex 0.806209 0.0122625 -1
   vertex 0.806209 0.0122625 1
  endloop
 endfacet
 facet normal 0.0414604 -0.99914 0
  outer loop
   vertex 0.594447 -0.0226691 -1
   vertex 0.600497 -0.0224181 -1
   vertex 0.594447 -0.0226691 1
  endloop
 endfacet
 facet normal 0.0414604 -0.99914 0
  outer loop
   vertex 0.594447 -0.0226691 1
   vertex 0.600497 -0.0224181 -1
   vertex 0.600497 -0.0224181 1
  endloop
 endfacet
 facet normal 0.0419616 -0.999119 0
  outer loop
   vertex 0.600497 -0.0224181 -1
   vertex 0.606547 -0.022164 -1
   vertex 0.600497 -0.0224181 1
  endloop
 endfacet
 facet normal 0.0419616 -0.999119 0
  outer loop
   vertex 0.600497 -0.0224181 1
   vertex 0.606547 -0.022164 -1
   vertex 0.606547 -0.022164 1
  endloop
 endfacet
 facet normal 0.0569387 0.998378 -0
  outer loop
   vertex 0.818307 0.011575 -1
   vertex 0.812258 0.01192 -1
   vertex 0.818307 0.011575 1
  endloop
 endfacet
 facet normal 0.0569387 0.998378 0
  outer loop
   vertex 0.818307 0.011575 1
   vertex 0.812258 0.01192 -1
   vertex 0.812258 0.01192 1
  endloop
 endfacet
 facet normal 0.0424568 -0.999098 0
  outer loop
   vertex 0.606547 -0.022164 -1
   vertex 0.612598 -0.0219069 -1
   vertex 0.606547 -0.022164 1
  endloop
 endfacet
 facet normal 0.0424568 -0.999098 0
  outer loop
   vertex 0.606547 -0.022164 1
   vertex 0.612598 -0.0219069 -1
   vertex 0.612598 -0.0219069 1
  endloop
 endfacet
 facet normal 0.0573395 0.998355 -0
  outer loop
   vertex 0.824355 0.0112276 -1
   vertex 0.818307 0.011575 -1
   vertex 0.824355 0.0112276 1
  endloop
 endfacet
 facet normal 0.0573395 0.998355 0
  outer loop
   vertex 0.824355 0.0112276 1
   vertex 0.818307 0.011575 -1
   vertex 0.818307 0.011575 1
  endloop
 endfacet
 facet normal 0.0429484 -0.999077 0
  outer loop
   vertex 0.612598 -0.0219069 -1
   vertex 0.618648 -0.0216468 -1
   vertex 0.612598 -0.0219069 1
  endloop
 endfacet
 facet normal 0.0429484 -0.999077 0
  outer loop
   vertex 0.612598 -0.0219069 1
   vertex 0.618648 -0.0216468 -1
   vertex 0.618648 -0.0216468 1
  endloop
 endfacet
 facet normal 0.043429 -0.999057 0
  outer loop
   vertex 0.618648 -0.0216468 -1
   vertex 0.624699 -0.0213838 -1
   vertex 0.618648 -0.0216468 1
  endloop
 endfacet
 facet normal 0.043429 -0.999057 0
  outer loop
   vertex 0.618648 -0.0216468 1
   vertex 0.624699 -0.0213838 -1
   vertex 0.624699 -0.0213838 1
  endloop
 endfacet
 facet normal 0.0577459 0.998331 -0
  outer loop
   vertex 0.830404 0.0108778 -1
   vertex 0.824355 0.0112276 -1
   vertex 0.830404 0.0108778 1
  endloop
 endfacet
 facet normal 0.0577459 0.998331 0
  outer loop
   vertex 0.830404 0.0108778 1
   vertex 0.824355 0.0112276 -1
   vertex 0.824355 0.0112276 1
  endloop
 endfacet
 facet normal 0.0439062 -0.999036 0
  outer loop
   vertex 0.624699 -0.0213838 -1
   vertex 0.630749 -0.0211179 -1
   vertex 0.624699 -0.0213838 1
  endloop
 endfacet
 facet normal 0.0439062 -0.999036 0
  outer loop
   vertex 0.624699 -0.0213838 1
   vertex 0.630749 -0.0211179 -1
   vertex 0.630749 -0.0211179 1
  endloop
 endfacet
 facet normal 0.0581518 0.998308 -0
  outer loop
   vertex 0.836452 0.0105255 -1
   vertex 0.830404 0.0108778 -1
   vertex 0.836452 0.0105255 1
  endloop
 endfacet
 facet normal 0.0581518 0.998308 0
  outer loop
   vertex 0.836452 0.0105255 1
   vertex 0.830404 0.0108778 -1
   vertex 0.830404 0.0108778 1
  endloop
 endfacet
 facet normal 0.0443768 -0.999015 0
  outer loop
   vertex 0.630749 -0.0211179 -1
   vertex 0.6368 -0.0208491 -1
   vertex 0.630749 -0.0211179 1
  endloop
 endfacet
 facet normal 0.0443768 -0.999015 0
  outer loop
   vertex 0.630749 -0.0211179 1
   vertex 0.6368 -0.0208491 -1
   vertex 0.6368 -0.0208491 1
  endloop
 endfacet
 facet normal 0.0585571 0.998284 -0
  outer loop
   vertex 0.8425 0.0101707 -1
   vertex 0.836452 0.0105255 -1
   vertex 0.8425 0.0101707 1
  endloop
 endfacet
 facet normal 0.0585571 0.998284 0
  outer loop
   vertex 0.8425 0.0101707 1
   vertex 0.836452 0.0105255 -1
   vertex 0.836452 0.0105255 1
  endloop
 endfacet
 facet normal 0.0448407 -0.998994 0
  outer loop
   vertex 0.6368 -0.0208491 -1
   vertex 0.64285 -0.0205775 -1
   vertex 0.6368 -0.0208491 1
  endloop
 endfacet
 facet normal 0.0448407 -0.998994 0
  outer loop
   vertex 0.6368 -0.0208491 1
   vertex 0.64285 -0.0205775 -1
   vertex 0.64285 -0.0205775 1
  endloop
 endfacet
 facet normal 0.0453019 -0.998973 0
  outer loop
   vertex 0.64285 -0.0205775 -1
   vertex 0.648901 -0.0203031 -1
   vertex 0.64285 -0.0205775 1
  endloop
 endfacet
 facet normal 0.0453019 -0.998973 0
  outer loop
   vertex 0.64285 -0.0205775 1
   vertex 0.648901 -0.0203031 -1
   vertex 0.648901 -0.0203031 1
  endloop
 endfacet
 facet normal 0.0589673 0.99826 -0
  outer loop
   vertex 0.848548 0.00981344 -1
   vertex 0.8425 0.0101707 -1
   vertex 0.848548 0.00981344 1
  endloop
 endfacet
 facet normal 0.0589673 0.99826 0
  outer loop
   vertex 0.848548 0.00981344 1
   vertex 0.8425 0.0101707 -1
   vertex 0.8425 0.0101707 1
  endloop
 endfacet
 facet normal 0.0457556 -0.998953 0
  outer loop
   vertex 0.648901 -0.0203031 -1
   vertex 0.654952 -0.020026 -1
   vertex 0.648901 -0.0203031 1
  endloop
 endfacet
 facet normal 0.0457556 -0.998953 0
  outer loop
   vertex 0.648901 -0.0203031 1
   vertex 0.654952 -0.020026 -1
   vertex 0.654952 -0.020026 1
  endloop
 endfacet
 facet normal 0.0593775 0.998236 -0
  outer loop
   vertex 0.854596 0.00945371 -1
   vertex 0.848548 0.00981344 -1
   vertex 0.854596 0.00945371 1
  endloop
 endfacet
 facet normal 0.0593775 0.998236 0
  outer loop
   vertex 0.854596 0.00945371 1
   vertex 0.848548 0.00981344 -1
   vertex 0.848548 0.00981344 1
  endloop
 endfacet
 facet normal 0.0462062 -0.998932 0
  outer loop
   vertex 0.654952 -0.020026 -1
   vertex 0.661002 -0.0197461 -1
   vertex 0.654952 -0.020026 1
  endloop
 endfacet
 facet normal 0.0462062 -0.998932 0
  outer loop
   vertex 0.654952 -0.020026 1
   vertex 0.661002 -0.0197461 -1
   vertex 0.661002 -0.0197461 1
  endloop
 endfacet
 facet normal 0.0466511 -0.998911 0
  outer loop
   vertex 0.661002 -0.0197461 -1
   vertex 0.667053 -0.0194635 -1
   vertex 0.661002 -0.0197461 1
  endloop
 endfacet
 facet normal 0.0466511 -0.998911 0
  outer loop
   vertex 0.661002 -0.0197461 1
   vertex 0.667053 -0.0194635 -1
   vertex 0.667053 -0.0194635 1
  endloop
 endfacet
 facet normal 0.0597914 0.998211 -0
  outer loop
   vertex 0.860643 0.00909148 -1
   vertex 0.854596 0.00945371 -1
   vertex 0.860643 0.00909148 1
  endloop
 endfacet
 facet normal 0.0597914 0.998211 0
  outer loop
   vertex 0.860643 0.00909148 1
   vertex 0.854596 0.00945371 -1
   vertex 0.854596 0.00945371 1
  endloop
 endfacet
 facet normal 0.0470902 -0.998891 0
  outer loop
   vertex 0.667053 -0.0194635 -1
   vertex 0.673104 -0.0191783 -1
   vertex 0.667053 -0.0194635 1
  endloop
 endfacet
 facet normal 0.0470902 -0.998891 0
  outer loop
   vertex 0.667053 -0.0194635 1
   vertex 0.673104 -0.0191783 -1
   vertex 0.673104 -0.0191783 1
  endloop
 endfacet
 facet normal 0.0602069 0.998186 -0
  outer loop
   vertex 0.866691 0.00872673 -1
   vertex 0.860643 0.00909148 -1
   vertex 0.866691 0.00872673 1
  endloop
 endfacet
 facet normal 0.0602069 0.998186 0
  outer loop
   vertex 0.866691 0.00872673 1
   vertex 0.860643 0.00909148 -1
   vertex 0.860643 0.00909148 1
  endloop
 endfacet
 facet normal 0.0475285 -0.99887 0
  outer loop
   vertex 0.673104 -0.0191783 -1
   vertex 0.679155 -0.0188904 -1
   vertex 0.673104 -0.0191783 1
  endloop
 endfacet
 facet normal 0.0475285 -0.99887 0
  outer loop
   vertex 0.673104 -0.0191783 1
   vertex 0.679155 -0.0188904 -1
   vertex 0.679155 -0.0188904 1
  endloop
 endfacet
 facet normal 0.0479597 -0.998849 0
  outer loop
   vertex 0.679155 -0.0188904 -1
   vertex 0.685205 -0.0185998 -1
   vertex 0.679155 -0.0188904 1
  endloop
 endfacet
 facet normal 0.0479597 -0.998849 0
  outer loop
   vertex 0.679155 -0.0188904 1
   vertex 0.685205 -0.0185998 -1
   vertex 0.685205 -0.0185998 1
  endloop
 endfacet
 facet normal 0.0606242 0.998161 -0
  outer loop
   vertex 0.872738 0.00835946 -1
   vertex 0.866691 0.00872673 -1
   vertex 0.872738 0.00835946 1
  endloop
 endfacet
 facet normal 0.0606242 0.998161 0
  outer loop
   vertex 0.872738 0.00835946 1
   vertex 0.866691 0.00872673 -1
   vertex 0.866691 0.00872673 1
  endloop
 endfacet
 facet normal 0.0483888 -0.998829 0
  outer loop
   vertex 0.685205 -0.0185998 -1
   vertex 0.691256 -0.0183067 -1
   vertex 0.685205 -0.0185998 1
  endloop
 endfacet
 facet normal 0.0483888 -0.998829 0
  outer loop
   vertex 0.685205 -0.0185998 1
   vertex 0.691256 -0.0183067 -1
   vertex 0.691256 -0.0183067 1
  endloop
 endfacet
 facet normal 0.0610462 0.998135 -0
  outer loop
   vertex 0.878784 0.00798965 -1
   vertex 0.872738 0.00835946 -1
   vertex 0.878784 0.00798965 1
  endloop
 endfacet
 facet normal 0.0610462 0.998135 0
  outer loop
   vertex 0.878784 0.00798965 1
   vertex 0.872738 0.00835946 -1
   vertex 0.872738 0.00835946 1
  endloop
 endfacet
 facet normal 0.0488151 -0.998808 0
  outer loop
   vertex 0.691256 -0.0183067 -1
   vertex 0.697307 -0.018011 -1
   vertex 0.691256 -0.0183067 1
  endloop
 endfacet
 facet normal 0.0488151 -0.998808 0
  outer loop
   vertex 0.691256 -0.0183067 1
   vertex 0.697307 -0.018011 -1
   vertex 0.697307 -0.018011 1
  endloop
 endfacet
 facet normal 0.0614698 0.998109 -0
  outer loop
   vertex 0.884831 0.00761727 -1
   vertex 0.878784 0.00798965 -1
   vertex 0.884831 0.00761727 1
  endloop
 endfacet
 facet normal 0.0614698 0.998109 0
  outer loop
   vertex 0.884831 0.00761727 1
   vertex 0.878784 0.00798965 -1
   vertex 0.878784 0.00798965 1
  endloop
 endfacet
 facet normal 0.049237 -0.998787 0
  outer loop
   vertex 0.697307 -0.018011 -1
   vertex 0.703358 -0.0177127 -1
   vertex 0.697307 -0.018011 1
  endloop
 endfacet
 facet normal 0.049237 -0.998787 0
  outer loop
   vertex 0.697307 -0.018011 1
   vertex 0.703358 -0.0177127 -1
   vertex 0.703358 -0.0177127 1
  endloop
 endfacet
 facet normal 0.0496566 -0.998766 0
  outer loop
   vertex 0.703358 -0.0177127 -1
   vertex 0.709408 -0.0174119 -1
   vertex 0.703358 -0.0177127 1
  endloop
 endfacet
 facet normal 0.0496566 -0.998766 0
  outer loop
   vertex 0.703358 -0.0177127 1
   vertex 0.709408 -0.0174119 -1
   vertex 0.709408 -0.0174119 1
  endloop
 endfacet
 facet normal 0.0618956 0.998083 -0
  outer loop
   vertex 0.890877 0.00724232 -1
   vertex 0.884831 0.00761727 -1
   vertex 0.890877 0.00724232 1
  endloop
 endfacet
 facet normal 0.0618956 0.998083 0
  outer loop
   vertex 0.890877 0.00724232 1
   vertex 0.884831 0.00761727 -1
   vertex 0.884831 0.00761727 1
  endloop
 endfacet
 facet normal 0.0500723 -0.998746 0
  outer loop
   vertex 0.709408 -0.0174119 -1
   vertex 0.715459 -0.0171085 -1
   vertex 0.709408 -0.0174119 1
  endloop
 endfacet
 facet normal 0.0500723 -0.998746 0
  outer loop
   vertex 0.709408 -0.0174119 1
   vertex 0.715459 -0.0171085 -1
   vertex 0.715459 -0.0171085 1
  endloop
 endfacet
 facet normal 0.0623254 0.998056 -0
  outer loop
   vertex 0.896923 0.00686476 -1
   vertex 0.890877 0.00724232 -1
   vertex 0.896923 0.00686476 1
  endloop
 endfacet
 facet normal 0.0623254 0.998056 0
  outer loop
   vertex 0.896923 0.00686476 1
   vertex 0.890877 0.00724232 -1
   vertex 0.890877 0.00724232 1
  endloop
 endfacet
 facet normal 0.0504857 -0.998725 0
  outer loop
   vertex 0.715459 -0.0171085 -1
   vertex 0.72151 -0.0168027 -1
   vertex 0.715459 -0.0171085 1
  endloop
 endfacet
 facet normal 0.0504857 -0.998725 0
  outer loop
   vertex 0.715459 -0.0171085 1
   vertex 0.72151 -0.0168027 -1
   vertex 0.72151 -0.0168027 1
  endloop
 endfacet
 facet normal 0.0508979 -0.998704 0
  outer loop
   vertex 0.72151 -0.0168027 -1
   vertex 0.72756 -0.0164943 -1
   vertex 0.72151 -0.0168027 1
  endloop
 endfacet
 facet normal 0.0508979 -0.998704 0
  outer loop
   vertex 0.72151 -0.0168027 1
   vertex 0.72756 -0.0164943 -1
   vertex 0.72756 -0.0164943 1
  endloop
 endfacet
 facet normal 0.0627603 0.998029 -0
  outer loop
   vertex 0.902968 0.00648459 -1
   vertex 0.896923 0.00686476 -1
   vertex 0.902968 0.00648459 1
  endloop
 endfacet
 facet normal 0.0627603 0.998029 0
  outer loop
   vertex 0.902968 0.00648459 1
   vertex 0.896923 0.00686476 -1
   vertex 0.896923 0.00686476 1
  endloop
 endfacet
 facet normal 0.0513084 -0.998683 0
  outer loop
   vertex 0.72756 -0.0164943 -1
   vertex 0.733611 -0.0161835 -1
   vertex 0.72756 -0.0164943 1
  endloop
 endfacet
 facet normal 0.0513084 -0.998683 0
  outer loop
   vertex 0.72756 -0.0164943 1
   vertex 0.733611 -0.0161835 -1
   vertex 0.733611 -0.0161835 1
  endloop
 endfacet
 facet normal 0.0631976 0.998001 -0
  outer loop
   vertex 0.909014 0.00610178 -1
   vertex 0.902968 0.00648459 -1
   vertex 0.909014 0.00610178 1
  endloop
 endfacet
 facet normal 0.0631976 0.998001 0
  outer loop
   vertex 0.909014 0.00610178 1
   vertex 0.902968 0.00648459 -1
   vertex 0.902968 0.00648459 1
  endloop
 endfacet
 facet normal 0.0517158 -0.998662 0
  outer loop
   vertex 0.733611 -0.0161835 -1
   vertex 0.739661 -0.0158701 -1
   vertex 0.733611 -0.0161835 1
  endloop
 endfacet
 facet normal 0.0517158 -0.998662 0
  outer loop
   vertex 0.733611 -0.0161835 1
   vertex 0.739661 -0.0158701 -1
   vertex 0.739661 -0.0158701 1
  endloop
 endfacet
 facet normal 0.0521206 -0.998641 0
  outer loop
   vertex 0.739661 -0.0158701 -1
   vertex 0.745711 -0.0155543 -1
   vertex 0.739661 -0.0158701 1
  endloop
 endfacet
 facet normal 0.0521206 -0.998641 0
  outer loop
   vertex 0.739661 -0.0158701 1
   vertex 0.745711 -0.0155543 -1
   vertex 0.745711 -0.0155543 1
  endloop
 endfacet
 facet normal 0.0636375 0.997973 -0
  outer loop
   vertex 0.915059 0.0057163 -1
   vertex 0.909014 0.00610178 -1
   vertex 0.915059 0.0057163 1
  endloop
 endfacet
 facet normal 0.0636375 0.997973 0
  outer loop
   vertex 0.915059 0.0057163 1
   vertex 0.909014 0.00610178 -1
   vertex 0.909014 0.00610178 1
  endloop
 endfacet
 facet normal 0.0525254 -0.99862 0
  outer loop
   vertex 0.745711 -0.0155543 -1
   vertex 0.751762 -0.0152361 -1
   vertex 0.745711 -0.0155543 1
  endloop
 endfacet
 facet normal 0.0525254 -0.99862 0
  outer loop
   vertex 0.745711 -0.0155543 1
   vertex 0.751762 -0.0152361 -1
   vertex 0.751762 -0.0152361 1
  endloop
 endfacet
 facet normal 0.0640838 0.997945 -0
  outer loop
   vertex 0.921103 0.00532814 -1
   vertex 0.915059 0.0057163 -1
   vertex 0.921103 0.00532814 1
  endloop
 endfacet
 facet normal 0.0640838 0.997945 0
  outer loop
   vertex 0.921103 0.00532814 1
   vertex 0.915059 0.0057163 -1
   vertex 0.915059 0.0057163 1
  endloop
 endfacet
 facet normal 0.0529291 -0.998598 0
  outer loop
   vertex 0.751762 -0.0152361 -1
   vertex 0.757812 -0.0149154 -1
   vertex 0.751762 -0.0152361 1
  endloop
 endfacet
 facet normal 0.0529291 -0.998598 0
  outer loop
   vertex 0.751762 -0.0152361 1
   vertex 0.757812 -0.0149154 -1
   vertex 0.757812 -0.0149154 1
  endloop
 endfacet
 facet normal 0.0533297 -0.998577 0
  outer loop
   vertex 0.757812 -0.0149154 -1
   vertex 0.763862 -0.0145923 -1
   vertex 0.757812 -0.0149154 1
  endloop
 endfacet
 facet normal 0.0533297 -0.998577 0
  outer loop
   vertex 0.757812 -0.0149154 1
   vertex 0.763862 -0.0145923 -1
   vertex 0.763862 -0.0145923 1
  endloop
 endfacet
 facet normal 0.0645321 0.997916 -0
  outer loop
   vertex 0.927148 0.00493726 -1
   vertex 0.921103 0.00532814 -1
   vertex 0.927148 0.00493726 1
  endloop
 endfacet
 facet normal 0.0645321 0.997916 0
  outer loop
   vertex 0.927148 0.00493726 1
   vertex 0.921103 0.00532814 -1
   vertex 0.921103 0.00532814 1
  endloop
 endfacet
 facet normal 0.0537328 -0.998555 0
  outer loop
   vertex 0.763862 -0.0145923 -1
   vertex 0.769912 -0.0142668 -1
   vertex 0.763862 -0.0145923 1
  endloop
 endfacet
 facet normal 0.0537328 -0.998555 0
  outer loop
   vertex 0.763862 -0.0145923 1
   vertex 0.769912 -0.0142668 -1
   vertex 0.769912 -0.0142668 1
  endloop
 endfacet
 facet normal 0.064986 0.997886 -0
  outer loop
   vertex 0.933192 0.00454365 -1
   vertex 0.927148 0.00493726 -1
   vertex 0.933192 0.00454365 1
  endloop
 endfacet
 facet normal 0.064986 0.997886 0
  outer loop
   vertex 0.933192 0.00454365 1
   vertex 0.927148 0.00493726 -1
   vertex 0.927148 0.00493726 1
  endloop
 endfacet
 facet normal 0.0541331 -0.998534 0
  outer loop
   vertex 0.769912 -0.0142668 -1
   vertex 0.775962 -0.0139388 -1
   vertex 0.769912 -0.0142668 1
  endloop
 endfacet
 facet normal 0.0541331 -0.998534 0
  outer loop
   vertex 0.769912 -0.0142668 1
   vertex 0.775962 -0.0139388 -1
   vertex 0.775962 -0.0139388 1
  endloop
 endfacet
 facet normal 0.0545347 -0.998512 0
  outer loop
   vertex 0.775962 -0.0139388 -1
   vertex 0.782011 -0.0136084 -1
   vertex 0.775962 -0.0139388 1
  endloop
 endfacet
 facet normal 0.0545347 -0.998512 0
  outer loop
   vertex 0.775962 -0.0139388 1
   vertex 0.782011 -0.0136084 -1
   vertex 0.782011 -0.0136084 1
  endloop
 endfacet
 facet normal 0.0654452 0.997856 -0
  outer loop
   vertex 0.939236 0.00414727 -1
   vertex 0.933192 0.00454365 -1
   vertex 0.939236 0.00414727 1
  endloop
 endfacet
 facet normal 0.0654452 0.997856 0
  outer loop
   vertex 0.939236 0.00414727 1
   vertex 0.933192 0.00454365 -1
   vertex 0.933192 0.00454365 1
  endloop
 endfacet
 facet normal 0.0549319 -0.99849 0
  outer loop
   vertex 0.782011 -0.0136084 -1
   vertex 0.788061 -0.0132756 -1
   vertex 0.782011 -0.0136084 1
  endloop
 endfacet
 facet normal 0.0549319 -0.99849 0
  outer loop
   vertex 0.782011 -0.0136084 1
   vertex 0.788061 -0.0132756 -1
   vertex 0.788061 -0.0132756 1
  endloop
 endfacet
 facet normal 0.055335 -0.998468 0
  outer loop
   vertex 0.788061 -0.0132756 -1
   vertex 0.79411 -0.0129403 -1
   vertex 0.788061 -0.0132756 1
  endloop
 endfacet
 facet normal 0.055335 -0.998468 0
  outer loop
   vertex 0.788061 -0.0132756 1
   vertex 0.79411 -0.0129403 -1
   vertex 0.79411 -0.0129403 1
  endloop
 endfacet
 facet normal 0.0659073 0.997826 -0
  outer loop
   vertex 0.945279 0.00374812 -1
   vertex 0.939236 0.00414727 -1
   vertex 0.945279 0.00374812 1
  endloop
 endfacet
 facet normal 0.0659073 0.997826 0
  outer loop
   vertex 0.945279 0.00374812 1
   vertex 0.939236 0.00414727 -1
   vertex 0.939236 0.00414727 1
  endloop
 endfacet
 facet normal 0.0557325 -0.998446 0
  outer loop
   vertex 0.79411 -0.0129403 -1
   vertex 0.80016 -0.0126026 -1
   vertex 0.79411 -0.0129403 1
  endloop
 endfacet
 facet normal 0.0557325 -0.998446 0
  outer loop
   vertex 0.79411 -0.0129403 1
   vertex 0.80016 -0.0126026 -1
   vertex 0.80016 -0.0126026 1
  endloop
 endfacet
 facet normal 0.0663758 0.997795 -0
  outer loop
   vertex 0.951321 0.00334616 -1
   vertex 0.945279 0.00374812 -1
   vertex 0.951321 0.00334616 1
  endloop
 endfacet
 facet normal 0.0663758 0.997795 0
  outer loop
   vertex 0.951321 0.00334616 1
   vertex 0.945279 0.00374812 -1
   vertex 0.945279 0.00374812 1
  endloop
 endfacet
 facet normal 0.0561353 -0.998423 0
  outer loop
   vertex 0.80016 -0.0126026 -1
   vertex 0.806209 -0.0122625 -1
   vertex 0.80016 -0.0126026 1
  endloop
 endfacet
 facet normal 0.0561353 -0.998423 0
  outer loop
   vertex 0.80016 -0.0126026 1
   vertex 0.806209 -0.0122625 -1
   vertex 0.806209 -0.0122625 1
  endloop
 endfacet
 facet normal 0.0565354 -0.998401 0
  outer loop
   vertex 0.806209 -0.0122625 -1
   vertex 0.812258 -0.01192 -1
   vertex 0.806209 -0.0122625 1
  endloop
 endfacet
 facet normal 0.0565354 -0.998401 0
  outer loop
   vertex 0.806209 -0.0122625 1
   vertex 0.812258 -0.01192 -1
   vertex 0.812258 -0.01192 1
  endloop
 endfacet
 facet normal 0.0668496 0.997763 -0
  outer loop
   vertex 0.957362 0.00294144 -1
   vertex 0.951321 0.00334616 -1
   vertex 0.957362 0.00294144 1
  endloop
 endfacet
 facet normal 0.0668496 0.997763 0
  outer loop
   vertex 0.957362 0.00294144 1
   vertex 0.951321 0.00334616 -1
   vertex 0.951321 0.00334616 1
  endloop
 endfacet
 facet normal 0.0569387 -0.998378 0
  outer loop
   vertex 0.812258 -0.01192 -1
   vertex 0.818307 -0.011575 -1
   vertex 0.812258 -0.01192 1
  endloop
 endfacet
 facet normal 0.0569387 -0.998378 0
  outer loop
   vertex 0.812258 -0.01192 1
   vertex 0.818307 -0.011575 -1
   vertex 0.818307 -0.011575 1
  endloop
 endfacet
 facet normal 0.0673263 0.997731 -0
  outer loop
   vertex 0.963399 0.00253407 -1
   vertex 0.957362 0.00294144 -1
   vertex 0.963399 0.00253407 1
  endloop
 endfacet
 facet normal 0.0673263 0.997731 0
  outer loop
   vertex 0.963399 0.00253407 1
   vertex 0.957362 0.00294144 -1
   vertex 0.957362 0.00294144 1
  endloop
 endfacet
 facet normal 0.0573395 -0.998355 0
  outer loop
   vertex 0.818307 -0.011575 -1
   vertex 0.824355 -0.0112276 -1
   vertex 0.818307 -0.011575 1
  endloop
 endfacet
 facet normal 0.0573395 -0.998355 0
  outer loop
   vertex 0.818307 -0.011575 1
   vertex 0.824355 -0.0112276 -1
   vertex 0.824355 -0.0112276 1
  endloop
 endfacet
 facet normal 0.0577459 -0.998331 0
  outer loop
   vertex 0.824355 -0.0112276 -1
   vertex 0.830404 -0.0108778 -1
   vertex 0.824355 -0.0112276 1
  endloop
 endfacet
 facet normal 0.0577459 -0.998331 0
  outer loop
   vertex 0.824355 -0.0112276 1
   vertex 0.830404 -0.0108778 -1
   vertex 0.830404 -0.0108778 1
  endloop
 endfacet
 facet normal 0.0678104 0.997698 -0
  outer loop
   vertex 0.969426 0.00212444 -1
   vertex 0.963399 0.00253407 -1
   vertex 0.969426 0.00212444 1
  endloop
 endfacet
 facet normal 0.0678104 0.997698 0
  outer loop
   vertex 0.969426 0.00212444 1
   vertex 0.963399 0.00253407 -1
   vertex 0.963399 0.00253407 1
  endloop
 endfacet
 facet normal 0.0581518 -0.998308 0
  outer loop
   vertex 0.830404 -0.0108778 -1
   vertex 0.836452 -0.0105255 -1
   vertex 0.830404 -0.0108778 1
  endloop
 endfacet
 facet normal 0.0581518 -0.998308 0
  outer loop
   vertex 0.830404 -0.0108778 1
   vertex 0.836452 -0.0105255 -1
   vertex 0.836452 -0.0105255 1
  endloop
 endfacet
 facet normal 0.0585571 -0.998284 0
  outer loop
   vertex 0.836452 -0.0105255 -1
   vertex 0.8425 -0.0101707 -1
   vertex 0.836452 -0.0105255 1
  endloop
 endfacet
 facet normal 0.0585571 -0.998284 0
  outer loop
   vertex 0.836452 -0.0105255 1
   vertex 0.8425 -0.0101707 -1
   vertex 0.8425 -0.0101707 1
  endloop
 endfacet
 facet normal 0.068297 0.997665 -0
  outer loop
   vertex 0.975425 0.00171376 -1
   vertex 0.969426 0.00212444 -1
   vertex 0.975425 0.00171376 1
  endloop
 endfacet
 facet normal 0.068297 0.997665 0
  outer loop
   vertex 0.975425 0.00171376 1
   vertex 0.969426 0.00212444 -1
   vertex 0.969426 0.00212444 1
  endloop
 endfacet
 facet normal 0.0589673 -0.99826 0
  outer loop
   vertex 0.8425 -0.0101707 -1
   vertex 0.848548 -0.00981344 -1
   vertex 0.8425 -0.0101707 1
  endloop
 endfacet
 facet normal 0.0589673 -0.99826 0
  outer loop
   vertex 0.8425 -0.0101707 1
   vertex 0.848548 -0.00981344 -1
   vertex 0.848548 -0.00981344 1
  endloop
 endfacet
 facet normal 0.068786 0.997631 -0
  outer loop
   vertex 0.981349 0.00130533 -1
   vertex 0.975425 0.00171376 -1
   vertex 0.981349 0.00130533 1
  endloop
 endfacet
 facet normal 0.068786 0.997631 0
  outer loop
   vertex 0.981349 0.00130533 1
   vertex 0.975425 0.00171376 -1
   vertex 0.975425 0.00171376 1
  endloop
 endfacet
 facet normal 0.0593775 -0.998236 0
  outer loop
   vertex 0.848548 -0.00981344 -1
   vertex 0.854596 -0.00945371 -1
   vertex 0.848548 -0.00981344 1
  endloop
 endfacet
 facet normal 0.0593775 -0.998236 0
  outer loop
   vertex 0.848548 -0.00981344 1
   vertex 0.854596 -0.00945371 -1
   vertex 0.854596 -0.00945371 1
  endloop
 endfacet
 facet normal 0.0597914 -0.998211 0
  outer loop
   vertex 0.854596 -0.00945371 -1
   vertex 0.860643 -0.00909148 -1
   vertex 0.854596 -0.00945371 1
  endloop
 endfacet
 facet normal 0.0597914 -0.998211 0
  outer loop
   vertex 0.854596 -0.00945371 1
   vertex 0.860643 -0.00909148 -1
   vertex 0.860643 -0.00909148 1
  endloop
 endfacet
 facet normal 0.0692688 0.997598 -0
  outer loop
   vertex 0.987075 0.000907678 -1
   vertex 0.981349 0.00130533 -1
   vertex 0.987075 0.000907678 1
  endloop
 endfacet
 facet normal 0.0692688 0.997598 0
  outer loop
   vertex 0.987075 0.000907678 1
   vertex 0.981349 0.00130533 -1
   vertex 0.981349 0.00130533 1
  endloop
 endfacet
 facet normal 0.0602069 -0.998186 0
  outer loop
   vertex 0.860643 -0.00909148 -1
   vertex 0.866691 -0.00872673 -1
   vertex 0.860643 -0.00909148 1
  endloop
 endfacet
 facet normal 0.0602069 -0.998186 0
  outer loop
   vertex 0.860643 -0.00909148 1
   vertex 0.866691 -0.00872673 -1
   vertex 0.866691 -0.00872673 1
  endloop
 endfacet
 facet normal 0.0606242 -0.998161 0
  outer loop
   vertex 0.866691 -0.00872673 -1
   vertex 0.872738 -0.00835946 -1
   vertex 0.866691 -0.00872673 1
  endloop
 endfacet
 facet normal 0.0606242 -0.998161 0
  outer loop
   vertex 0.866691 -0.00872673 1
   vertex 0.872738 -0.00835946 -1
   vertex 0.872738 -0.00835946 1
  endloop
 endfacet
 facet normal 0.0697319 0.997566 -0
  outer loop
   vertex 0.992356 0.000538553 -1
   vertex 0.987075 0.000907678 -1
   vertex 0.992356 0.000538553 1
  endloop
 endfacet
 facet normal 0.0697319 0.997566 0
  outer loop
   vertex 0.992356 0.000538553 1
   vertex 0.987075 0.000907678 -1
   vertex 0.987075 0.000907678 1
  endloop
 endfacet
 facet normal 0.0610462 -0.998135 0
  outer loop
   vertex 0.872738 -0.00835946 -1
   vertex 0.878784 -0.00798965 -1
   vertex 0.872738 -0.00835946 1
  endloop
 endfacet
 facet normal 0.0610462 -0.998135 0
  outer loop
   vertex 0.872738 -0.00835946 1
   vertex 0.878784 -0.00798965 -1
   vertex 0.878784 -0.00798965 1
  endloop
 endfacet
 facet normal 0.0701445 0.997537 -0
  outer loop
   vertex 0.996861 0.000221798 -1
   vertex 0.992356 0.000538553 -1
   vertex 0.996861 0.000221798 1
  endloop
 endfacet
 facet normal 0.0701445 0.997537 0
  outer loop
   vertex 0.996861 0.000221798 1
   vertex 0.992356 0.000538553 -1
   vertex 0.992356 0.000538553 1
  endloop
 endfacet
 facet normal 0.0614698 -0.998109 0
  outer loop
   vertex 0.878784 -0.00798965 -1
   vertex 0.884831 -0.00761727 -1
   vertex 0.878784 -0.00798965 1
  endloop
 endfacet
 facet normal 0.0614698 -0.998109 0
  outer loop
   vertex 0.878784 -0.00798965 1
   vertex 0.884831 -0.00761727 -1
   vertex 0.884831 -0.00761727 1
  endloop
 endfacet
 facet normal 0.0618956 -0.998083 0
  outer loop
   vertex 0.884831 -0.00761727 -1
   vertex 0.890877 -0.00724232 -1
   vertex 0.884831 -0.00761727 1
  endloop
 endfacet
 facet normal 0.0618956 -0.998083 0
  outer loop
   vertex 0.884831 -0.00761727 1
   vertex 0.890877 -0.00724232 -1
   vertex 0.890877 -0.00724232 1
  endloop
 endfacet
 facet normal 0.0623254 -0.998056 0
  outer loop
   vertex 0.890877 -0.00724232 -1
   vertex 0.896923 -0.00686476 -1
   vertex 0.890877 -0.00724232 1
  endloop
 endfacet
 facet normal 0.0623254 -0.998056 0
  outer loop
   vertex 0.890877 -0.00724232 1
   vertex 0.896923 -0.00686476 -1
   vertex 0.896923 -0.00686476 1
  endloop
 endfacet
 facet normal 0.0627603 -0.998029 0
  outer loop
   vertex 0.896923 -0.00686476 -1
   vertex 0.902968 -0.00648459 -1
   vertex 0.896923 -0.00686476 1
  endloop
 endfacet
 facet normal 0.0627603 -0.998029 0
  outer loop
   vertex 0.896923 -0.00686476 1
   vertex 0.902968 -0.00648459 -1
   vertex 0.902968 -0.00648459 1
  endloop
 endfacet
 facet normal 0.0631976 -0.998001 0
  outer loop
   vertex 0.902968 -0.00648459 -1
   vertex 0.909014 -0.00610178 -1
   vertex 0.902968 -0.00648459 1
  endloop
 endfacet
 facet normal 0.0631976 -0.998001 0
  outer loop
   vertex 0.902968 -0.00648459 1
   vertex 0.909014 -0.00610178 -1
   vertex 0.909014 -0.00610178 1
  endloop
 endfacet
 facet normal 0.0636375 -0.997973 0
  outer loop
   vertex 0.909014 -0.00610178 -1
   vertex 0.915059 -0.0057163 -1
   vertex 0.909014 -0.00610178 1
  endloop
 endfacet
 facet normal 0.0636375 -0.997973 0
  outer loop
   vertex 0.909014 -0.00610178 1
   vertex 0.915059 -0.0057163 -1
   vertex 0.915059 -0.0057163 1
  endloop
 endfacet
 facet normal 0.0640838 -0.997945 0
  outer loop
   vertex 0.915059 -0.0057163 -1
   vertex 0.921103 -0.00532814 -1
   vertex 0.915059 -0.0057163 1
  endloop
 endfacet
 facet normal 0.0640838 -0.997945 0
  outer loop
   vertex 0.915059 -0.0057163 1
   vertex 0.921103 -0.00532814 -1
   vertex 0.921103 -0.00532814 1
  endloop
 endfacet
 facet normal 0.0645321 -0.997916 0
  outer loop
   vertex 0.921103 -0.00532814 -1
   vertex 0.927148 -0.00493726 -1
   vertex 0.921103 -0.00532814 1
  endloop
 endfacet
 facet normal 0.0645321 -0.997916 0
  outer loop
   vertex 0.921103 -0.00532814 1
   vertex 0.927148 -0.00493726 -1
   vertex 0.927148 -0.00493726 1
  endloop
 endfacet
 facet normal 0.064986 -0.997886 0
  outer loop
   vertex 0.927148 -0.00493726 -1
   vertex 0.933192 -0.00454365 -1
   vertex 0.927148 -0.00493726 1
  endloop
 endfacet
 facet normal 0.064986 -0.997886 0
  outer loop
   vertex 0.927148 -0.00493726 1
   vertex 0.933192 -0.00454365 -1
   vertex 0.933192 -0.00454365 1
  endloop
 endfacet
 facet normal 0.0654452 -0.997856 0
  outer loop
   vertex 0.933192 -0.00454365 -1
   vertex 0.939236 -0.00414727 -1
   vertex 0.933192 -0.00454365 1
  endloop
 endfacet
 facet normal 0.0654452 -0.997856 0
  outer loop
   vertex 0.933192 -0.00454365 1
   vertex 0.939236 -0.00414727 -1
   vertex 0.939236 -0.00414727 1
  endloop
 endfacet
 facet normal 0.0659073 -0.997826 0
  outer loop
   vertex 0.939236 -0.00414727 -1
   vertex 0.945279 -0.00374812 -1
   vertex 0.939236 -0.00414727 1
  endloop
 endfacet
 facet normal 0.0659073 -0.997826 0
  outer loop
   vertex 0.939236 -0.00414727 1
   vertex 0.945279 -0.00374812 -1
   vertex 0.945279 -0.00374812 1
  endloop
 endfacet
 facet normal 0.0663758 -0.997795 0
  outer loop
   vertex 0.945279 -0.00374812 -1
   vertex 0.951321 -0.00334616 -1
   vertex 0.945279 -0.00374812 1
  endloop
 endfacet
 facet normal 0.0663758 -0.997795 0
  outer loop
   vertex 0.945279 -0.00374812 1
   vertex 0.951321 -0.00334616 -1
   vertex 0.951321 -0.00334616 1
  endloop
 endfacet
 facet normal 0.0668496 -0.997763 0
  outer loop
   vertex 0.951321 -0.00334616 -1
   vertex 0.957362 -0.00294144 -1
   vertex 0.951321 -0.00334616 1
  endloop
 endfacet
 facet normal 0.0668496 -0.997763 0
  outer loop
   vertex 0.951321 -0.00334616 1
   vertex 0.957362 -0.00294144 -1
   vertex 0.957362 -0.00294144 1
  endloop
 endfacet
 facet normal 0.0673263 -0.997731 0
  outer loop
   vertex 0.957362 -0.00294144 -1
   vertex 0.963399 -0.00253407 -1
   vertex 0.957362 -0.00294144 1
  endloop
 endfacet
 facet normal 0.0673263 -0.997731 0
  outer loop
   vertex 0.957362 -0.00294144 1
   vertex 0.963399 -0.00253407 -1
   vertex 0.963399 -0.00253407 1
  endloop
 endfacet
 facet normal 0.0678104 -0.997698 0
  outer loop
   vertex 0.963399 -0.00253407 -1
   vertex 0.969426 -0.00212444 -1
   vertex 0.963399 -0.00253407 1
  endloop
 endfacet
 facet normal 0.0678104 -0.997698 0
  outer loop
   vertex 0.963399 -0.00253407 1
   vertex 0.969426 -0.00212444 -1
   vertex 0.969426 -0.00212444 1
  endloop
 endfacet
 facet normal 0.068297 -0.997665 0
  outer loop
   vertex 0.969426 -0.00212444 -1
   vertex 0.975425 -0.00171376 -1
   vertex 0.969426 -0.00212444 1
  endloop
 endfacet
 facet normal 0.068297 -0.997665 0
  outer loop
   vertex 0.969426 -0.00212444 1
   vertex 0.975425 -0.00171376 -1
   vertex 0.975425 -0.00171376 1
  endloop
 endfacet
 facet normal 0.068786 -0.997631 0
  outer loop
   vertex 0.975425 -0.00171376 -1
   vertex 0.981349 -0.00130533 -1
   vertex 0.975425 -0.00171376 1
  endloop
 endfacet
 facet normal 0.068786 -0.997631 0
  outer loop
   vertex 0.975425 -0.00171376 1
   vertex 0.981349 -0.00130533 -1
   vertex 0.981349 -0.00130533 1
  endloop
 endfacet
 facet normal 0.0692688 -0.997598 0
  outer loop
   vertex 0.981349 -0.00130533 -1
   vertex 0.987075 -0.000907678 -1
   vertex 0.981349 -0.00130533 1
  endloop
 endfacet
 facet normal 0.0692688 -0.997598 0
  outer loop
   vertex 0.981349 -0.00130533 1
   vertex 0.987075 -0.000907678 -1
   vertex 0.987075 -0.000907678 1
  endloop
 endfacet
 facet normal 0.0697319 -0.997566 0
  outer loop
   vertex 0.987075 -0.000907678 -1
   vertex 0.992356 -0.000538553 -1
   vertex 0.987075 -0.000907678 1
  endloop
 endfacet
 facet normal 0.0697319 -0.997566 0
  outer loop
   vertex 0.987075 -0.000907678 1
   vertex 0.992356 -0.000538553 -1
   vertex 0.992356 -0.000538553 1
  endloop
 endfacet
 facet normal 0.0701445 -0.997537 0
  outer loop
   vertex 0.992356 -0.000538553 -1
   vertex 0.996861 -0.000221798 -1
   vertex 0.992356 -0.000538553 1
  endloop
 endfacet
 facet normal 0.0701445 -0.997537 0
  outer loop
   vertex 0.992356 -0.000538553 1
   vertex 0.996861 -0.000221798 -1
   vertex 0.996861 -0.000221798 1
  endloop
 endfacet
 facet normal 0.0704747 0.997514 -0
  outer loop
   vertex 1 0 -1
   vertex 0.996861 0.000221798 -1
   vertex 1 0 1
  endloop
 endfacet
 facet normal 0.0704747 0.997514 0
  outer loop
   vertex 1 0 1
   vertex 0.996861 0.000221798 -1
   vertex 0.996861 0.000221798 1
  endloop
 endfacet
 facet normal 0.0704747 -0.997514 0
  outer loop
   vertex 0.996861 -0.000221798 -1
   vertex 1 0 -1
   vertex 0.996861 -0.000221798 1
  endloop
 endfacet
 facet normal 0.0704747 -0.997514 0
  outer loop
   vertex 0.996861 -0.000221798 1
   vertex 1 0 -1
   vertex 1 0 1
  endloop
 endfacet
 facet normal -0 0 -1
  outer loop
   vertex 0.394922 0.0288588 -1
   vertex 0.388883 -0.0289675 -1
   vertex 0.388883 0.0289675 -1
  endloop
 endfacet
 facet normal 0 0 1
  outer loop
   vertex 0.388883 -0.0289675 1
   vertex 0.394922 0.0288588 1
   vertex 0.388883 0.0289675 1
  endloop
 endfacet
 facet normal -0 0 -1
  outer loop
   vertex 0.346623 0.0295582 -1
   vertex 0.340589 -0.0296166 -1
   vertex 0.340589 0.0296166 -1
  endloop
 endfacet
 facet normal 0 0 1
  outer loop
   vertex 0.340589 -0.0296166 1
   vertex 0.346623 0.0295582 1
   vertex 0.340589 0.0296166 1
  endloop
 endfacet
 facet normal -0 0 -1
  outer loop
   vertex 0.316461 0.0297787 -1
   vertex 0.310431 -0.0298005 -1
   vertex 0.310431 0.0298005 -1
  endloop
 endfacet
 facet normal 0 0 1
  outer loop
   vertex 0.310431 -0.0298005 1
   vertex 0.316461 0.0297787 1
   vertex 0.310431 0.0298005 1
  endloop
 endfacet
 facet normal 0 0 -1
  outer loop
   vertex 0.292349 0.0298181 -1
   vertex 0.286324 -0.0298072 -1
   vertex 0.286324 0.0298072 -1
  endloop
 endfacet
 facet normal 0 0 1
  outer loop
   vertex 0.286324 -0.0298072 1
   vertex 0.292349 0.0298181 1
   vertex 0.286324 0.0298072 1
  endloop
 endfacet
 facet normal 0 0 -1
  outer loop
   vertex 0.274278 0.0297593 -1
   vertex 0.268257 -0.0297216 -1
   vertex 0.268257 0.0297216 -1
  endloop
 endfacet
 facet normal 0 0 1
  outer loop
   vertex 0.268257 -0.0297216 1
   vertex 0.274278 0.0297593 1
   vertex 0.268257 0.0297216 1
  endloop
 endfacet
 facet normal 0 0 -1
  outer loop
   vertex 0.262238 0.0296746 -1
   vertex 0.25622 -0.0296178 -1
   vertex 0.25622 0.0296178 -1
  endloop
 endfacet
 facet normal 0 0 1
  outer loop
   vertex 0.25622 -0.0296178 1
   vertex 0.262238 0.0296746 1
   vertex 0.25622 0.0296178 1
  endloop
 endfacet
 facet normal 0 0 -1
  outer loop
   vertex 0.250204 0.0295512 -1
   vertex 0.244189 -0.0294742 -1
   vertex 0.244189 0.0294742 -1
  endloop
 endfacet
 facet normal 0 0 1
  outer loop
   vertex 0.244189 -0.0294742 1
   vertex 0.250204 0.0295512 1
   vertex 0.244189 0.0294742 1
  endloop
 endfacet
 facet normal 0 0 -1
  outer loop
   vertex 0.232166 0.0292884 -1
   vertex 0.226158 -0.0291788 -1
   vertex 0.226158 0.0291788 -1
  endloop
 endfacet
 facet normal 0 0 1
  outer loop
   vertex 0.226158 -0.0291788 1
   vertex 0.232166 0.0292884 1
   vertex 0.226158 0.0291788 1
  endloop
 endfacet
 facet normal 0 0 -1
  outer loop
   vertex 0.220151 0.0290577 -1
   vertex 0.214148 -0.0289248 -1
   vertex 0.214148 0.0289248 -1
  endloop
 endfacet
 facet normal 0 0 1
  outer loop
   vertex 0.214148 -0.0289248 1
   vertex 0.220151 0.0290577 1
   vertex 0.214148 0.0289248 1
  endloop
 endfacet
 facet normal 0 0 -1
  outer loop
   vertex 0.208146 0.0287795 -1
   vertex 0.202148 -0.0286215 -1
   vertex 0.202148 0.0286215 -1
  endloop
 endfacet
 facet normal 0 0 1
  outer loop
   vertex 0.202148 -0.0286215 1
   vertex 0.208146 0.0287795 1
   vertex 0.202148 0.0286215 1
  endloop
 endfacet
 facet normal 0 0 -1
  outer loop
   vertex 0.19016 0.0282656 -1
   vertex 0.18417 -0.0280668 -1
   vertex 0.18417 0.0280668 -1
  endloop
 endfacet
 facet normal 0 0 1
  outer loop
   vertex 0.18417 -0.0280668 1
   vertex 0.19016 0.0282656 1
   vertex 0.18417 0.0280668 1
  endloop
 endfacet
 facet normal 0 0 -1
  outer loop
   vertex 0.112696 0.0243476 -1
   vertex 0.106791 -0.0239001 -1
   vertex 0.106791 0.0239001 -1
  endloop
 endfacet
 facet normal 0 0 1
  outer loop
   vertex 0.106791 -0.0239001 1
   vertex 0.112696 0.0243476 1
   vertex 0.106791 0.0239001 1
  endloop
 endfacet
 facet normal 0 0 -1
  outer loop
   vertex 0.106791 0.0239001 -1
   vertex 0.100899 -0.0234258 -1
   vertex 0.100899 0.0234258 -1
  endloop
 endfacet
 facet normal 0 0 1
  outer loop
   vertex 0.100899 -0.0234258 1
   vertex 0.106791 0.0239001 1
   vertex 0.100899 0.0234258 1
  endloop
 endfacet
 facet normal 0 0 -1
  outer loop
   vertex 0.100899 0.0234258 -1
   vertex 0.0950211 -0.0229229 -1
   vertex 0.0950211 0.0229229 -1
  endloop
 endfacet
 facet normal 0 0 1
  outer loop
   vertex 0.0950211 -0.0229229 1
   vertex 0.100899 0.0234258 1
   vertex 0.0950211 0.0229229 1
  endloop
 endfacet
 facet normal 0 0 -1
  outer loop
   vertex 0.0950211 0.0229229 -1
   vertex 0.0891597 -0.0223896 -1
   vertex 0.0891597 0.0223896 -1
  endloop
 endfacet
 facet normal 0 0 1
  outer loop
   vertex 0.0891597 -0.0223896 1
   vertex 0.0950211 0.0229229 1
   vertex 0.0891597 0.0223896 1
  endloop
 endfacet
 facet normal 0 0 -1
  outer loop
   vertex 0.0891597 0.0223896 -1
   vertex 0.0833173 -0.0218236 -1
   vertex 0.0833173 0.0218236 -1
  endloop
 endfacet
 facet normal 0 0 1
  outer loop
   vertex 0.0833173 -0.0218236 1
   vertex 0.0891597 0.0223896 1
   vertex 0.0833173 0.0218236 1
  endloop
 endfacet
 facet normal 0 0 -1
  outer loop
   vertex 0.0833173 0.0218236 -1
   vertex 0.0774973 -0.0212225 -1
   vertex 0.0774973 0.0212225 -1
  endloop
 endfacet
 facet normal 0 0 1
  outer loop
   vertex 0.0774973 -0.0212225 1
   vertex 0.0833173 0.0218236 1
   vertex 0.0774973 0.0212225 1
  endloop
 endfacet
 facet normal 0 0 -1
  outer loop
   vertex 0.0774973 0.0212225 -1
   vertex 0.0717035 -0.0205835 -1
   vertex 0.0717035 0.0205835 -1
  endloop
 endfacet
 facet normal 0 0 1
  outer loop
   vertex 0.0717035 -0.0205835 1
   vertex 0.0774973 0.0212225 1
   vertex 0.0717035 0.0205835 1
  endloop
 endfacet
 facet normal 0 0 -1
  outer loop
   vertex 0.0717035 0.0205835 -1
   vertex 0.0659413 -0.0199034 -1
   vertex 0.0659413 0.0199034 -1
  endloop
 endfacet
 facet normal 0 0 1
  outer loop
   vertex 0.0659413 -0.0199034 1
   vertex 0.0717035 0.0205835 1
   vertex 0.0659413 0.0199034 1
  endloop
 endfacet
 facet normal 0 0 -1
  outer loop
   vertex 0.0659413 0.0199034 -1
   vertex 0.0602173 -0.0191787 -1
   vertex 0.0602173 0.0191787 -1
  endloop
 endfacet
 facet normal 0 0 1
  outer loop
   vertex 0.0602173 -0.0191787 1
   vertex 0.0659413 0.0199034 1
   vertex 0.0602173 0.0191787 1
  endloop
 endfacet
 facet normal 0 0 -1
  outer loop
   vertex 0.0602173 0.0191787 -1
   vertex 0.0545407 -0.0184052 -1
   vertex 0.0545407 0.0184052 -1
  endloop
 endfacet
 facet normal 0 0 1
  outer loop
   vertex 0.0545407 -0.0184052 1
   vertex 0.0602173 0.0191787 1
   vertex 0.0545407 0.0184052 1
  endloop
 endfacet
 facet normal 0 0 -1
  outer loop
   vertex 0.0545407 0.0184052 -1
   vertex 0.0489245 -0.0175785 -1
   vertex 0.0489245 0.0175785 -1
  endloop
 endfacet
 facet normal 0 0 1
  outer loop
   vertex 0.0489245 -0.0175785 1
   vertex 0.0545407 0.0184052 1
   vertex 0.0489245 0.0175785 1
  endloop
 endfacet
 facet normal 0 0 -1
  outer loop
   vertex 0.0489245 0.0175785 -1
   vertex 0.0433875 -0.0166939 -1
   vertex 0.0433875 0.0166939 -1
  endloop
 endfacet
 facet normal 0 0 1
  outer loop
   vertex 0.0433875 -0.0166939 1
   vertex 0.0489245 0.0175785 1
   vertex 0.0433875 0.0166939 1
  endloop
 endfacet
 facet normal 0 0 -1
  outer loop
   vertex 0.0433875 0.0166939 -1
   vertex 0.0379589 -0.0157474 -1
   vertex 0.0379589 0.0157474 -1
  endloop
 endfacet
 facet normal 0 0 1
  outer loop
   vertex 0.0379589 -0.0157474 1
   vertex 0.0433875 0.0166939 1
   vertex 0.0379589 0.0157474 1
  endloop
 endfacet
 facet normal 0 0 -1
  outer loop
   vertex 0.0379589 0.0157474 -1
   vertex 0.0326856 -0.0147373 -1
   vertex 0.0326856 0.0147373 -1
  endloop
 endfacet
 facet normal 0 0 1
  outer loop
   vertex 0.0326856 -0.0147373 1
   vertex 0.0379589 0.0157474 1
   vertex 0.0326856 0.0147373 1
  endloop
 endfacet
 facet normal 0 0 -1
  outer loop
   vertex 0.0326856 0.0147373 -1
   vertex 0.0276419 -0.0136675 -1
   vertex 0.0276419 0.0136675 -1
  endloop
 endfacet
 facet normal 0 0 1
  outer loop
   vertex 0.0276419 -0.0136675 1
   vertex 0.0326856 0.0147373 1
   vertex 0.0276419 0.0136675 1
  endloop
 endfacet
 facet normal 0 0 -1
  outer loop
   vertex 0.0276419 0.0136675 -1
   vertex 0.0229381 -0.012554 -1
   vertex 0.0229381 0.012554 -1
  endloop
 endfacet
 facet normal 0 0 1
  outer loop
   vertex 0.0229381 -0.012554 1
   vertex 0.0276419 0.0136675 1
   vertex 0.0229381 0.012554 1
  endloop
 endfacet
 facet normal 0 0 -1
  outer loop
   vertex 0.0229381 0.012554 -1
   vertex 0.0187084 -0.0114276 -1
   vertex 0.0187084 0.0114276 -1
  endloop
 endfacet
 facet normal 0 0 1
  outer loop
   vertex 0.0187084 -0.0114276 1
   vertex 0.0229381 0.012554 1
   vertex 0.0187084 0.0114276 1
  endloop
 endfacet
 facet normal 0 0 -1
  outer loop
   vertex 0.0187084 0.0114276 -1
   vertex 0.0150631 -0.0103292 -1
   vertex 0.0150631 0.0103292 -1
  endloop
 endfacet
 facet normal 0 0 1
  outer loop
   vertex 0.0150631 -0.0103292 1
   vertex 0.0187084 0.0114276 1
   vertex 0.0150631 0.0103292 1
  endloop
 endfacet
 facet normal 0 0 -1
  outer loop
   vertex 0.0150631 0.0103292 -1
   vertex 0.0120334 -0.00929314 -1
   vertex 0.0120334 0.00929314 -1
  endloop
 endfacet
 facet normal 0 0 1
  outer loop
   vertex 0.0120334 -0.00929314 1
   vertex 0.0150631 0.0103292 1
   vertex 0.0120334 0.00929314 1
  endloop
 endfacet
 facet normal 0 0 -1
  outer loop
   vertex 0.0120334 0.00929314 -1
   vertex 0.00956758 -0.00833504 -1
   vertex 0.00956758 0.00833504 -1
  endloop
 endfacet
 facet normal 0 0 1
  outer loop
   vertex 0.00956758 -0.00833504 1
   vertex 0.0120334 0.00929314 1
   vertex 0.00956758 0.00833504 1
  endloop
 endfacet
 facet normal 0 0 -1
  outer loop
   vertex 0.00956758 0.00833504 -1
   vertex 0.00757219 -0.00745373 -1
   vertex 0.00757219 0.00745373 -1
  endloop
 endfacet
 facet normal 0 0 1
  outer loop
   vertex 0.00757219 -0.00745373 1
   vertex 0.00956758 0.00833504 1
   vertex 0.00757219 0.00745373 1
  endloop
 endfacet
 facet normal 0 0 -1
  outer loop
   vertex 0.00757219 0.00745373 -1
   vertex 0.00594667 -0.00663637 -1
   vertex 0.00594667 0.00663637 -1
  endloop
 endfacet
 facet normal 0 0 1
  outer loop
   vertex 0.00594667 -0.00663637 1
   vertex 0.00757219 0.00745373 1
   vertex 0.00594667 0.00663637 1
  endloop
 endfacet
 facet normal 0 0 -1
  outer loop
   vertex 0.00594667 0.00663637 -1
   vertex 0.0046101 -0.00586826 -1
   vertex 0.0046101 0.00586826 -1
  endloop
 endfacet
 facet normal 0 0 1
  outer loop
   vertex 0.0046101 -0.00586826 1
   vertex 0.00594667 0.00663637 1
   vertex 0.0046101 0.00586826 1
  endloop
 endfacet
 facet normal 0 0 -1
  outer loop
   vertex 0.0046101 0.00586826 -1
   vertex 0.00350324 -0.00513603 -1
   vertex 0.00350324 0.00513603 -1
  endloop
 endfacet
 facet normal 0 0 1
  outer loop
   vertex 0.00350324 -0.00513603 1
   vertex 0.0046101 0.00586826 1
   vertex 0.00350324 0.00513603 1
  endloop
 endfacet
 facet normal 0 0 -1
  outer loop
   vertex 0.00350324 0.00513603 -1
   vertex 0.00258397 -0.00442777 -1
   vertex 0.00258397 0.00442777 -1
  endloop
 endfacet
 facet normal 0 0 1
  outer loop
   vertex 0.00258397 -0.00442777 1
   vertex 0.00350324 0.00513603 1
   vertex 0.00258397 0.00442777 1
  endloop
 endfacet
 facet normal 0 0 -1
  outer loop
   vertex 0.00258397 0.00442777 -1
   vertex 0.00182375 -0.00373338 -1
   vertex 0.00182375 0.00373338 -1
  endloop
 endfacet
 facet normal 0 0 1
  outer loop
   vertex 0.00182375 -0.00373338 1
   vertex 0.00258397 0.00442777 1
   vertex 0.00182375 0.00373338 1
  endloop
 endfacet
 facet normal 0 0 -1
  outer loop
   vertex 0.00182375 0.00373338 -1
   vertex 0.00120432 -0.00304462 -1
   vertex 0.00120432 0.00304462 -1
  endloop
 endfacet
 facet normal 0 0 1
  outer loop
   vertex 0.00120432 -0.00304462 1
   vertex 0.00182375 0.00373338 1
   vertex 0.00120432 0.00304462 1
  endloop
 endfacet
 facet normal 0 0 -1
  outer loop
   vertex 0.00120432 0.00304462 -1
   vertex 0.00071701 -0.00235754 -1
   vertex 0.00071701 0.00235754 -1
  endloop
 endfacet
 facet normal 0 0 1
  outer loop
   vertex 0.00071701 -0.00235754 1
   vertex 0.00120432 0.00304462 1
   vertex 0.00071701 0.00235754 1
  endloop
 endfacet
 facet normal 0 0 -1
  outer loop
   vertex 0.00071701 0.00235754 -1
   vertex 0.000357334 -0.00166978 -1
   vertex 0.000357334 0.00166978 -1
  endloop
 endfacet
 facet normal 0 0 1
  outer loop
   vertex 0.000357334 -0.00166978 1
   vertex 0.00071701 0.00235754 1
   vertex 0.000357334 0.00166978 1
  endloop
 endfacet
 facet normal 0 0 -1
  outer loop
   vertex 0.118612 0.0247699 -1
   vertex 0.112696 -0.0243476 -1
   vertex 0.112696 0.0243476 -1
  endloop
 endfacet
 facet normal 0 0 1
  outer loop
   vertex 0.112696 -0.0243476 1
   vertex 0.118612 0.0247699 1
   vertex 0.112696 0.0243476 1
  endloop
 endfacet
 facet normal 0 0 -1
  outer loop
   vertex 0.000357334 0.00166978 -1
   vertex 0.000123356 -0.00098451 -1
   vertex 0.000123356 0.00098451 -1
  endloop
 endfacet
 facet normal 0 0 1
  outer loop
   vertex 0.000123356 -0.00098451 1
   vertex 0.000357334 0.00166978 1
   vertex 0.000123356 0.00098451 1
  endloop
 endfacet
 facet normal 0 0 -1
  outer loop
   vertex 0.124538 0.0251682 -1
   vertex 0.118612 -0.0247699 -1
   vertex 0.118612 0.0247699 -1
  endloop
 endfacet
 facet normal 0 0 1
  outer loop
   vertex 0.118612 -0.0247699 1
   vertex 0.124538 0.0251682 1
   vertex 0.118612 0.0247699 1
  endloop
 endfacet
 facet normal 0 0 -1
  outer loop
   vertex 0.000123356 0.00098451 -1
   vertex 1.32605e-05 -0.000322032 -1
   vertex 1.32605e-05 0.000322032 -1
  endloop
 endfacet
 facet normal 0 0 1
  outer loop
   vertex 1.32605e-05 -0.000322032 1
   vertex 0.000123356 0.00098451 1
   vertex 1.32605e-05 0.000322032 1
  endloop
 endfacet
 facet normal 0 -0 -1
  outer loop
   vertex 0.000123356 0.00098451 -1
   vertex 0.000123356 -0.00098451 -1
   vertex 1.32605e-05 -0.000322032 -1
  endloop
 endfacet
 facet normal 0 -0 1
  outer loop
   vertex 0.000123356 -0.00098451 1
   vertex 0.000123356 0.00098451 1
   vertex 1.32605e-05 -0.000322032 1
  endloop
 endfacet
 facet normal 0 0 -1
  outer loop
   vertex 0.130473 0.0255439 -1
   vertex 0.124538 -0.0251682 -1
   vertex 0.124538 0.0251682 -1
  endloop
 endfacet
 facet normal 0 0 1
  outer loop
   vertex 0.124538 -0.0251682 1
   vertex 0.130473 0.0255439 1
   vertex 0.124538 0.0251682 1
  endloop
 endfacet
 facet normal 0 -0 -1
  outer loop
   vertex 0.000357334 0.00166978 -1
   vertex 0.000357334 -0.00166978 -1
   vertex 0.000123356 -0.00098451 -1
  endloop
 endfacet
 facet normal 0 -0 1
  outer loop
   vertex 0.000357334 -0.00166978 1
   vertex 0.000357334 0.00166978 1
   vertex 0.000123356 -0.00098451 1
  endloop
 endfacet
 facet normal 0 0 -1
  outer loop
   vertex 0.136416 0.0258982 -1
   vertex 0.130473 -0.0255439 -1
   vertex 0.130473 0.0255439 -1
  endloop
 endfacet
 facet normal 0 0 1
  outer loop
   vertex 0.130473 -0.0255439 1
   vertex 0.136416 0.0258982 1
   vertex 0.130473 0.0255439 1
  endloop
 endfacet
 facet normal 0 -0 -1
  outer loop
   vertex 0.00071701 0.00235754 -1
   vertex 0.00071701 -0.00235754 -1
   vertex 0.000357334 -0.00166978 -1
  endloop
 endfacet
 facet normal 0 -0 1
  outer loop
   vertex 0.00071701 -0.00235754 1
   vertex 0.00071701 0.00235754 1
   vertex 0.000357334 -0.00166978 1
  endloop
 endfacet
 facet normal 0 -0 -1
  outer loop
   vertex 0.00120432 0.00304462 -1
   vertex 0.00120432 -0.00304462 -1
   vertex 0.00071701 -0.00235754 -1
  endloop
 endfacet
 facet normal 0 -0 1
  outer loop
   vertex 0.00120432 -0.00304462 1
   vertex 0.00120432 0.00304462 1
   vertex 0.00071701 -0.00235754 1
  endloop
 endfacet
 facet normal 0 0 -1
  outer loop
   vertex 0.142366 0.026232 -1
   vertex 0.136416 -0.0258982 -1
   vertex 0.136416 0.0258982 -1
  endloop
 endfacet
 facet normal 0 0 1
  outer loop
   vertex 0.136416 -0.0258982 1
   vertex 0.142366 0.026232 1
   vertex 0.136416 0.0258982 1
  endloop
 endfacet
 facet normal 0 -0 -1
  outer loop
   vertex 0.00182375 0.00373338 -1
   vertex 0.00182375 -0.00373338 -1
   vertex 0.00120432 -0.00304462 -1
  endloop
 endfacet
 facet normal 0 -0 1
  outer loop
   vertex 0.00182375 -0.00373338 1
   vertex 0.00182375 0.00373338 1
   vertex 0.00120432 -0.00304462 1
  endloop
 endfacet
 facet normal 0 0 -1
  outer loop
   vertex 0.148322 0.0265462 -1
   vertex 0.142366 -0.026232 -1
   vertex 0.142366 0.026232 -1
  endloop
 endfacet
 facet normal 0 0 1
  outer loop
   vertex 0.142366 -0.026232 1
   vertex 0.148322 0.0265462 1
   vertex 0.142366 0.026232 1
  endloop
 endfacet
 facet normal 0 -0 -1
  outer loop
   vertex 0.00258397 0.00442777 -1
   vertex 0.00258397 -0.00442777 -1
   vertex 0.00182375 -0.00373338 -1
  endloop
 endfacet
 facet normal 0 -0 1
  outer loop
   vertex 0.00258397 -0.00442777 1
   vertex 0.00258397 0.00442777 1
   vertex 0.00182375 -0.00373338 1
  endloop
 endfacet
 facet normal 0 0 -1
  outer loop
   vertex 0.154285 0.0268419 -1
   vertex 0.148322 -0.0265462 -1
   vertex 0.148322 0.0265462 -1
  endloop
 endfacet
 facet normal 0 0 1
  outer loop
   vertex 0.148322 -0.0265462 1
   vertex 0.154285 0.0268419 1
   vertex 0.148322 0.0265462 1
  endloop
 endfacet
 facet normal 0 -0 -1
  outer loop
   vertex 0.00350324 0.00513603 -1
   vertex 0.00350324 -0.00513603 -1
   vertex 0.00258397 -0.00442777 -1
  endloop
 endfacet
 facet normal 0 -0 1
  outer loop
   vertex 0.00350324 -0.00513603 1
   vertex 0.00350324 0.00513603 1
   vertex 0.00258397 -0.00442777 1
  endloop
 endfacet
 facet normal 0 -0 -1
  outer loop
   vertex 0.0046101 0.00586826 -1
   vertex 0.0046101 -0.00586826 -1
   vertex 0.00350324 -0.00513603 -1
  endloop
 endfacet
 facet normal 0 -0 1
  outer loop
   vertex 0.0046101 -0.00586826 1
   vertex 0.0046101 0.00586826 1
   vertex 0.00350324 -0.00513603 1
  endloop
 endfacet
 facet normal 0 0 -1
  outer loop
   vertex 0.160253 0.0271197 -1
   vertex 0.154285 -0.0268419 -1
   vertex 0.154285 0.0268419 -1
  endloop
 endfacet
 facet normal 0 0 1
  outer loop
   vertex 0.154285 -0.0268419 1
   vertex 0.160253 0.0271197 1
   vertex 0.154285 0.0268419 1
  endloop
 endfacet
 facet normal 0 -0 -1
  outer loop
   vertex 0.00594667 0.00663637 -1
   vertex 0.00594667 -0.00663637 -1
   vertex 0.0046101 -0.00586826 -1
  endloop
 endfacet
 facet normal 0 -0 1
  outer loop
   vertex 0.00594667 -0.00663637 1
   vertex 0.00594667 0.00663637 1
   vertex 0.0046101 -0.00586826 1
  endloop
 endfacet
 facet normal 0 0 -1
  outer loop
   vertex 0.166226 0.0273805 -1
   vertex 0.160253 -0.0271197 -1
   vertex 0.160253 0.0271197 -1
  endloop
 endfacet
 facet normal 0 0 1
  outer loop
   vertex 0.160253 -0.0271197 1
   vertex 0.166226 0.0273805 1
   vertex 0.160253 0.0271197 1
  endloop
 endfacet
 facet normal 0 -0 -1
  outer loop
   vertex 0.00757219 0.00745373 -1
   vertex 0.00757219 -0.00745373 -1
   vertex 0.00594667 -0.00663637 -1
  endloop
 endfacet
 facet normal 0 -0 1
  outer loop
   vertex 0.00757219 -0.00745373 1
   vertex 0.00757219 0.00745373 1
   vertex 0.00594667 -0.00663637 1
  endloop
 endfacet
 facet normal 0 0 -1
  outer loop
   vertex 0.172203 0.0276248 -1
   vertex 0.166226 -0.0273805 -1
   vertex 0.166226 0.0273805 -1
  endloop
 endfacet
 facet normal 0 0 1
  outer loop
   vertex 0.166226 -0.0273805 1
   vertex 0.172203 0.0276248 1
   vertex 0.166226 0.0273805 1
  endloop
 endfacet
 facet normal 0 -0 -1
  outer loop
   vertex 0.00956758 0.00833504 -1
   vertex 0.00956758 -0.00833504 -1
   vertex 0.00757219 -0.00745373 -1
  endloop
 endfacet
 facet normal 0 -0 1
  outer loop
   vertex 0.00956758 -0.00833504 1
   vertex 0.00956758 0.00833504 1
   vertex 0.00757219 -0.00745373 1
  endloop
 endfacet
 facet normal 0 0 -1
  outer loop
   vertex 0.178185 0.0278534 -1
   vertex 0.172203 -0.0276248 -1
   vertex 0.172203 0.0276248 -1
  endloop
 endfacet
 facet normal 0 0 1
  outer loop
   vertex 0.172203 -0.0276248 1
   vertex 0.178185 0.0278534 1
   vertex 0.172203 0.0276248 1
  endloop
 endfacet
 facet normal 0 -0 -1
  outer loop
   vertex 0.0120334 0.00929314 -1
   vertex 0.0120334 -0.00929314 -1
   vertex 0.00956758 -0.00833504 -1
  endloop
 endfacet
 facet normal 0 -0 1
  outer loop
   vertex 0.0120334 -0.00929314 1
   vertex 0.0120334 0.00929314 1
   vertex 0.00956758 -0.00833504 1
  endloop
 endfacet
 facet normal 0 0 -1
  outer loop
   vertex 0.18417 0.0280668 -1
   vertex 0.178185 -0.0278534 -1
   vertex 0.178185 0.0278534 -1
  endloop
 endfacet
 facet normal 0 0 1
  outer loop
   vertex 0.178185 -0.0278534 1
   vertex 0.18417 0.0280668 1
   vertex 0.178185 0.0278534 1
  endloop
 endfacet
 facet normal 0 -0 -1
  outer loop
   vertex 0.0150631 0.0103292 -1
   vertex 0.0150631 -0.0103292 -1
   vertex 0.0120334 -0.00929314 -1
  endloop
 endfacet
 facet normal 0 -0 1
  outer loop
   vertex 0.0150631 -0.0103292 1
   vertex 0.0150631 0.0103292 1
   vertex 0.0120334 -0.00929314 1
  endloop
 endfacet
 facet normal 0 0 -1
  outer loop
   vertex 0.196152 0.0284503 -1
   vertex 0.19016 -0.0282656 -1
   vertex 0.19016 0.0282656 -1
  endloop
 endfacet
 facet normal 0 0 1
  outer loop
   vertex 0.19016 -0.0282656 1
   vertex 0.196152 0.0284503 1
   vertex 0.19016 0.0282656 1
  endloop
 endfacet
 facet normal 0 -0 -1
  outer loop
   vertex 0.0187084 0.0114276 -1
   vertex 0.0187084 -0.0114276 -1
   vertex 0.0150631 -0.0103292 -1
  endloop
 endfacet
 facet normal 0 -0 1
  outer loop
   vertex 0.0187084 -0.0114276 1
   vertex 0.0187084 0.0114276 1
   vertex 0.0150631 -0.0103292 1
  endloop
 endfacet
 facet normal 0 0 -1
  outer loop
   vertex 0.202148 0.0286215 -1
   vertex 0.196152 -0.0284503 -1
   vertex 0.196152 0.0284503 -1
  endloop
 endfacet
 facet normal 0 0 1
  outer loop
   vertex 0.196152 -0.0284503 1
   vertex 0.202148 0.0286215 1
   vertex 0.196152 0.0284503 1
  endloop
 endfacet
 facet normal 0 -0 -1
  outer loop
   vertex 0.0229381 0.012554 -1
   vertex 0.0229381 -0.012554 -1
   vertex 0.0187084 -0.0114276 -1
  endloop
 endfacet
 facet normal 0 -0 1
  outer loop
   vertex 0.0229381 -0.012554 1
   vertex 0.0229381 0.012554 1
   vertex 0.0187084 -0.0114276 1
  endloop
 endfacet
 facet normal 0 0 -1
  outer loop
   vertex 0.214148 0.0289248 -1
   vertex 0.208146 -0.0287795 -1
   vertex 0.208146 0.0287795 -1
  endloop
 endfacet
 facet normal 0 0 1
  outer loop
   vertex 0.208146 -0.0287795 1
   vertex 0.214148 0.0289248 1
   vertex 0.208146 0.0287795 1
  endloop
 endfacet
 facet normal 0 -0 -1
  outer loop
   vertex 0.0276419 0.0136675 -1
   vertex 0.0276419 -0.0136675 -1
   vertex 0.0229381 -0.012554 -1
  endloop
 endfacet
 facet normal 0 -0 1
  outer loop
   vertex 0.0276419 -0.0136675 1
   vertex 0.0276419 0.0136675 1
   vertex 0.0229381 -0.012554 1
  endloop
 endfacet
 facet normal 0 0 -1
  outer loop
   vertex 0.226158 0.0291788 -1
   vertex 0.220151 -0.0290577 -1
   vertex 0.220151 0.0290577 -1
  endloop
 endfacet
 facet normal 0 0 1
  outer loop
   vertex 0.220151 -0.0290577 1
   vertex 0.226158 0.0291788 1
   vertex 0.220151 0.0290577 1
  endloop
 endfacet
 facet normal 0 -0 -1
  outer loop
   vertex 0.0326856 0.0147373 -1
   vertex 0.0326856 -0.0147373 -1
   vertex 0.0276419 -0.0136675 -1
  endloop
 endfacet
 facet normal 0 -0 1
  outer loop
   vertex 0.0326856 -0.0147373 1
   vertex 0.0326856 0.0147373 1
   vertex 0.0276419 -0.0136675 1
  endloop
 endfacet
 facet normal 0 0 -1
  outer loop
   vertex 0.238177 0.0293867 -1
   vertex 0.232166 -0.0292884 -1
   vertex 0.232166 0.0292884 -1
  endloop
 endfacet
 facet normal 0 0 1
  outer loop
   vertex 0.232166 -0.0292884 1
   vertex 0.238177 0.0293867 1
   vertex 0.232166 0.0292884 1
  endloop
 endfacet
 facet normal 0 -0 -1
  outer loop
   vertex 0.0379589 0.0157474 -1
   vertex 0.0379589 -0.0157474 -1
   vertex 0.0326856 -0.0147373 -1
  endloop
 endfacet
 facet normal 0 -0 1
  outer loop
   vertex 0.0379589 -0.0157474 1
   vertex 0.0379589 0.0157474 1
   vertex 0.0326856 -0.0147373 1
  endloop
 endfacet
 facet normal 0 0 -1
  outer loop
   vertex 0.244189 0.0294742 -1
   vertex 0.238177 -0.0293867 -1
   vertex 0.238177 0.0293867 -1
  endloop
 endfacet
 facet normal 0 0 1
  outer loop
   vertex 0.238177 -0.0293867 1
   vertex 0.244189 0.0294742 1
   vertex 0.238177 0.0293867 1
  endloop
 endfacet
 facet normal 0 -0 -1
  outer loop
   vertex 0.0433875 0.0166939 -1
   vertex 0.0433875 -0.0166939 -1
   vertex 0.0379589 -0.0157474 -1
  endloop
 endfacet
 facet normal 0 -0 1
  outer loop
   vertex 0.0433875 -0.0166939 1
   vertex 0.0433875 0.0166939 1
   vertex 0.0379589 -0.0157474 1
  endloop
 endfacet
 facet normal 0 0 -1
  outer loop
   vertex 0.25622 0.0296178 -1
   vertex 0.250204 -0.0295512 -1
   vertex 0.250204 0.0295512 -1
  endloop
 endfacet
 facet normal 0 0 1
  outer loop
   vertex 0.250204 -0.0295512 1
   vertex 0.25622 0.0296178 1
   vertex 0.250204 0.0295512 1
  endloop
 endfacet
 facet normal 0 -0 -1
  outer loop
   vertex 0.0489245 0.0175785 -1
   vertex 0.0489245 -0.0175785 -1
   vertex 0.0433875 -0.0166939 -1
  endloop
 endfacet
 facet normal 0 -0 1
  outer loop
   vertex 0.0489245 -0.0175785 1
   vertex 0.0489245 0.0175785 1
   vertex 0.0433875 -0.0166939 1
  endloop
 endfacet
 facet normal 0 0 -1
  outer loop
   vertex 0.268257 0.0297216 -1
   vertex 0.262238 -0.0296746 -1
   vertex 0.262238 0.0296746 -1
  endloop
 endfacet
 facet normal 0 0 1
  outer loop
   vertex 0.262238 -0.0296746 1
   vertex 0.268257 0.0297216 1
   vertex 0.262238 0.0296746 1
  endloop
 endfacet
 facet normal 0 -0 -1
  outer loop
   vertex 0.0545407 0.0184052 -1
   vertex 0.0545407 -0.0184052 -1
   vertex 0.0489245 -0.0175785 -1
  endloop
 endfacet
 facet normal 0 -0 1
  outer loop
   vertex 0.0545407 -0.0184052 1
   vertex 0.0545407 0.0184052 1
   vertex 0.0489245 -0.0175785 1
  endloop
 endfacet
 facet normal 0 0 -1
  outer loop
   vertex 0.2803 0.0297877 -1
   vertex 0.274278 -0.0297593 -1
   vertex 0.274278 0.0297593 -1
  endloop
 endfacet
 facet normal 0 0 1
  outer loop
   vertex 0.274278 -0.0297593 1
   vertex 0.2803 0.0297877 1
   vertex 0.274278 0.0297593 1
  endloop
 endfacet
 facet normal 0 -0 -1
  outer loop
   vertex 0.0602173 0.0191787 -1
   vertex 0.0602173 -0.0191787 -1
   vertex 0.0545407 -0.0184052 -1
  endloop
 endfacet
 facet normal 0 -0 1
  outer loop
   vertex 0.0602173 -0.0191787 1
   vertex 0.0602173 0.0191787 1
   vertex 0.0545407 -0.0184052 1
  endloop
 endfacet
 facet normal 0 0 -1
  outer loop
   vertex 0.286324 0.0298072 -1
   vertex 0.2803 -0.0297877 -1
   vertex 0.2803 0.0297877 -1
  endloop
 endfacet
 facet normal 0 0 1
  outer loop
   vertex 0.2803 -0.0297877 1
   vertex 0.286324 0.0298072 1
   vertex 0.2803 0.0297877 1
  endloop
 endfacet
 facet normal 0 -0 -1
  outer loop
   vertex 0.0659413 0.0199034 -1
   vertex 0.0659413 -0.0199034 -1
   vertex 0.0602173 -0.0191787 -1
  endloop
 endfacet
 facet normal 0 -0 1
  outer loop
   vertex 0.0659413 -0.0199034 1
   vertex 0.0659413 0.0199034 1
   vertex 0.0602173 -0.0191787 1
  endloop
 endfacet
 facet normal 0 0 -1
  outer loop
   vertex 0.298375 0.0298204 -1
   vertex 0.292349 -0.0298181 -1
   vertex 0.292349 0.0298181 -1
  endloop
 endfacet
 facet normal 0 0 1
  outer loop
   vertex 0.292349 -0.0298181 1
   vertex 0.298375 0.0298204 1
   vertex 0.292349 0.0298181 1
  endloop
 endfacet
 facet normal 0 -0 -1
  outer loop
   vertex 0.0717035 0.0205835 -1
   vertex 0.0717035 -0.0205835 -1
   vertex 0.0659413 -0.0199034 -1
  endloop
 endfacet
 facet normal 0 -0 1
  outer loop
   vertex 0.0717035 -0.0205835 1
   vertex 0.0717035 0.0205835 1
   vertex 0.0659413 -0.0199034 1
  endloop
 endfacet
 facet normal -0 0 -1
  outer loop
   vertex 0.304403 0.0298145 -1
   vertex 0.298375 -0.0298204 -1
   vertex 0.298375 0.0298204 -1
  endloop
 endfacet
 facet normal 0 0 1
  outer loop
   vertex 0.298375 -0.0298204 1
   vertex 0.304403 0.0298145 1
   vertex 0.298375 0.0298204 1
  endloop
 endfacet
 facet normal 0 -0 -1
  outer loop
   vertex 0.0774973 0.0212225 -1
   vertex 0.0774973 -0.0212225 -1
   vertex 0.0717035 -0.0205835 -1
  endloop
 endfacet
 facet normal 0 -0 1
  outer loop
   vertex 0.0774973 -0.0212225 1
   vertex 0.0774973 0.0212225 1
   vertex 0.0717035 -0.0205835 1
  endloop
 endfacet
 facet normal -0 0 -1
  outer loop
   vertex 0.310431 0.0298005 -1
   vertex 0.304403 -0.0298145 -1
   vertex 0.304403 0.0298145 -1
  endloop
 endfacet
 facet normal 0 0 1
  outer loop
   vertex 0.304403 -0.0298145 1
   vertex 0.310431 0.0298005 1
   vertex 0.304403 0.0298145 1
  endloop
 endfacet
 facet normal 0 -0 -1
  outer loop
   vertex 0.0833173 0.0218236 -1
   vertex 0.0833173 -0.0218236 -1
   vertex 0.0774973 -0.0212225 -1
  endloop
 endfacet
 facet normal 0 -0 1
  outer loop
   vertex 0.0833173 -0.0218236 1
   vertex 0.0833173 0.0218236 1
   vertex 0.0774973 -0.0212225 1
  endloop
 endfacet
 facet normal -0 0 -1
  outer loop
   vertex 0.322491 0.0297492 -1
   vertex 0.316461 -0.0297787 -1
   vertex 0.316461 0.0297787 -1
  endloop
 endfacet
 facet normal 0 0 1
  outer loop
   vertex 0.316461 -0.0297787 1
   vertex 0.322491 0.0297492 1
   vertex 0.316461 0.0297787 1
  endloop
 endfacet
 facet normal 0 -0 -1
  outer loop
   vertex 0.0891597 0.0223896 -1
   vertex 0.0891597 -0.0223896 -1
   vertex 0.0833173 -0.0218236 -1
  endloop
 endfacet
 facet normal 0 -0 1
  outer loop
   vertex 0.0891597 -0.0223896 1
   vertex 0.0891597 0.0223896 1
   vertex 0.0833173 -0.0218236 1
  endloop
 endfacet
 facet normal -0 0 -1
  outer loop
   vertex 0.328523 0.0297123 -1
   vertex 0.322491 -0.0297492 -1
   vertex 0.322491 0.0297492 -1
  endloop
 endfacet
 facet normal 0 0 1
  outer loop
   vertex 0.322491 -0.0297492 1
   vertex 0.328523 0.0297123 1
   vertex 0.322491 0.0297492 1
  endloop
 endfacet
 facet normal 0 -0 -1
  outer loop
   vertex 0.0950211 0.0229229 -1
   vertex 0.0950211 -0.0229229 -1
   vertex 0.0891597 -0.0223896 -1
  endloop
 endfacet
 facet normal 0 -0 1
  outer loop
   vertex 0.0950211 -0.0229229 1
   vertex 0.0950211 0.0229229 1
   vertex 0.0891597 -0.0223896 1
  endloop
 endfacet
 facet normal -0 0 -1
  outer loop
   vertex 0.334555 0.029668 -1
   vertex 0.328523 -0.0297123 -1
   vertex 0.328523 0.0297123 -1
  endloop
 endfacet
 facet normal 0 0 1
  outer loop
   vertex 0.328523 -0.0297123 1
   vertex 0.334555 0.029668 1
   vertex 0.328523 0.0297123 1
  endloop
 endfacet
 facet normal 0 -0 -1
  outer loop
   vertex 0.100899 0.0234258 -1
   vertex 0.100899 -0.0234258 -1
   vertex 0.0950211 -0.0229229 -1
  endloop
 endfacet
 facet normal 0 -0 1
  outer loop
   vertex 0.100899 -0.0234258 1
   vertex 0.100899 0.0234258 1
   vertex 0.0950211 -0.0229229 1
  endloop
 endfacet
 facet normal -0 0 -1
  outer loop
   vertex 0.340589 0.0296166 -1
   vertex 0.334555 -0.029668 -1
   vertex 0.334555 0.029668 -1
  endloop
 endfacet
 facet normal 0 0 1
  outer loop
   vertex 0.334555 -0.029668 1
   vertex 0.340589 0.0296166 1
   vertex 0.334555 0.029668 1
  endloop
 endfacet
 facet normal 0 -0 -1
  outer loop
   vertex 0.106791 0.0239001 -1
   vertex 0.106791 -0.0239001 -1
   vertex 0.100899 -0.0234258 -1
  endloop
 endfacet
 facet normal 0 -0 1
  outer loop
   vertex 0.106791 -0.0239001 1
   vertex 0.106791 0.0239001 1
   vertex 0.100899 -0.0234258 1
  endloop
 endfacet
 facet normal -0 0 -1
  outer loop
   vertex 0.352658 0.0294931 -1
   vertex 0.346623 -0.0295582 -1
   vertex 0.346623 0.0295582 -1
  endloop
 endfacet
 facet normal 0 0 1
  outer loop
   vertex 0.346623 -0.0295582 1
   vertex 0.352658 0.0294931 1
   vertex 0.346623 0.0295582 1
  endloop
 endfacet
 facet normal 0 -0 -1
  outer loop
   vertex 0.112696 0.0243476 -1
   vertex 0.112696 -0.0243476 -1
   vertex 0.106791 -0.0239001 -1
  endloop
 endfacet
 facet normal 0 -0 1
  outer loop
   vertex 0.112696 -0.0243476 1
   vertex 0.112696 0.0243476 1
   vertex 0.106791 -0.0239001 1
  endloop
 endfacet
 facet normal -0 0 -1
  outer loop
   vertex 0.358694 0.0294212 -1
   vertex 0.352658 -0.0294931 -1
   vertex 0.352658 0.0294931 -1
  endloop
 endfacet
 facet normal 0 0 1
  outer loop
   vertex 0.352658 -0.0294931 1
   vertex 0.358694 0.0294212 1
   vertex 0.352658 0.0294931 1
  endloop
 endfacet
 facet normal 0 -0 -1
  outer loop
   vertex 0.118612 0.0247699 -1
   vertex 0.118612 -0.0247699 -1
   vertex 0.112696 -0.0243476 -1
  endloop
 endfacet
 facet normal 0 -0 1
  outer loop
   vertex 0.118612 -0.0247699 1
   vertex 0.118612 0.0247699 1
   vertex 0.112696 -0.0243476 1
  endloop
 endfacet
 facet normal -0 0 -1
  outer loop
   vertex 0.36473 0.0293429 -1
   vertex 0.358694 -0.0294212 -1
   vertex 0.358694 0.0294212 -1
  endloop
 endfacet
 facet normal 0 0 1
  outer loop
   vertex 0.358694 -0.0294212 1
   vertex 0.36473 0.0293429 1
   vertex 0.358694 0.0294212 1
  endloop
 endfacet
 facet normal 0 -0 -1
  outer loop
   vertex 0.124538 0.0251682 -1
   vertex 0.124538 -0.0251682 -1
   vertex 0.118612 -0.0247699 -1
  endloop
 endfacet
 facet normal 0 -0 1
  outer loop
   vertex 0.124538 -0.0251682 1
   vertex 0.124538 0.0251682 1
   vertex 0.118612 -0.0247699 1
  endloop
 endfacet
 facet normal -0 0 -1
  outer loop
   vertex 0.370767 0.0292583 -1
   vertex 0.36473 -0.0293429 -1
   vertex 0.36473 0.0293429 -1
  endloop
 endfacet
 facet normal 0 0 1
  outer loop
   vertex 0.36473 -0.0293429 1
   vertex 0.370767 0.0292583 1
   vertex 0.36473 0.0293429 1
  endloop
 endfacet
 facet normal 0 -0 -1
  outer loop
   vertex 0.130473 0.0255439 -1
   vertex 0.130473 -0.0255439 -1
   vertex 0.124538 -0.0251682 -1
  endloop
 endfacet
 facet normal 0 -0 1
  outer loop
   vertex 0.130473 -0.0255439 1
   vertex 0.130473 0.0255439 1
   vertex 0.124538 -0.0251682 1
  endloop
 endfacet
 facet normal -0 0 -1
  outer loop
   vertex 0.376805 0.0291674 -1
   vertex 0.370767 -0.0292583 -1
   vertex 0.370767 0.0292583 -1
  endloop
 endfacet
 facet normal 0 0 1
  outer loop
   vertex 0.370767 -0.0292583 1
   vertex 0.376805 0.0291674 1
   vertex 0.370767 0.0292583 1
  endloop
 endfacet
 facet normal 0 -0 -1
  outer loop
   vertex 0.136416 0.0258982 -1
   vertex 0.136416 -0.0258982 -1
   vertex 0.130473 -0.0255439 -1
  endloop
 endfacet
 facet normal 0 -0 1
  outer loop
   vertex 0.136416 -0.0258982 1
   vertex 0.136416 0.0258982 1
   vertex 0.130473 -0.0255439 1
  endloop
 endfacet
 facet normal -0 0 -1
  outer loop
   vertex 0.382843 0.0290704 -1
   vertex 0.376805 -0.0291674 -1
   vertex 0.376805 0.0291674 -1
  endloop
 endfacet
 facet normal 0 0 1
  outer loop
   vertex 0.376805 -0.0291674 1
   vertex 0.382843 0.0290704 1
   vertex 0.376805 0.0291674 1
  endloop
 endfacet
 facet normal 0 -0 -1
  outer loop
   vertex 0.142366 0.026232 -1
   vertex 0.142366 -0.026232 -1
   vertex 0.136416 -0.0258982 -1
  endloop
 endfacet
 facet normal 0 -0 1
  outer loop
   vertex 0.142366 -0.026232 1
   vertex 0.142366 0.026232 1
   vertex 0.136416 -0.0258982 1
  endloop
 endfacet
 facet normal -0 0 -1
  outer loop
   vertex 0.388883 0.0289675 -1
   vertex 0.382843 -0.0290704 -1
   vertex 0.382843 0.0290704 -1
  endloop
 endfacet
 facet normal 0 0 1
  outer loop
   vertex 0.382843 -0.0290704 1
   vertex 0.388883 0.0289675 1
   vertex 0.382843 0.0290704 1
  endloop
 endfacet
 facet normal 0 -0 -1
  outer loop
   vertex 0.148322 0.0265462 -1
   vertex 0.148322 -0.0265462 -1
   vertex 0.142366 -0.026232 -1
  endloop
 endfacet
 facet normal 0 -0 1
  outer loop
   vertex 0.148322 -0.0265462 1
   vertex 0.148322 0.0265462 1
   vertex 0.142366 -0.026232 1
  endloop
 endfacet
 facet normal -0 0 -1
  outer loop
   vertex 0.400963 0.0287444 -1
   vertex 0.394922 -0.0288588 -1
   vertex 0.394922 0.0288588 -1
  endloop
 endfacet
 facet normal 0 0 1
  outer loop
   vertex 0.394922 -0.0288588 1
   vertex 0.400963 0.0287444 1
   vertex 0.394922 0.0288588 1
  endloop
 endfacet
 facet normal 0 -0 -1
  outer loop
   vertex 0.154285 0.0268419 -1
   vertex 0.154285 -0.0268419 -1
   vertex 0.148322 -0.0265462 -1
  endloop
 endfacet
 facet normal 0 -0 1
  outer loop
   vertex 0.154285 -0.0268419 1
   vertex 0.154285 0.0268419 1
   vertex 0.148322 -0.0265462 1
  endloop
 endfacet
 facet normal -0 0 -1
  outer loop
   vertex 0.407003 0.0286245 -1
   vertex 0.400963 -0.0287444 -1
   vertex 0.400963 0.0287444 -1
  endloop
 endfacet
 facet normal 0 0 1
  outer loop
   vertex 0.400963 -0.0287444 1
   vertex 0.407003 0.0286245 1
   vertex 0.400963 0.0287444 1
  endloop
 endfacet
 facet normal 0 -0 -1
  outer loop
   vertex 0.160253 0.0271197 -1
   vertex 0.160253 -0.0271197 -1
   vertex 0.154285 -0.0268419 -1
  endloop
 endfacet
 facet normal 0 -0 1
  outer loop
   vertex 0.160253 -0.0271197 1
   vertex 0.160253 0.0271197 1
   vertex 0.154285 -0.0268419 1
  endloop
 endfacet
 facet normal -0 0 -1
  outer loop
   vertex 0.413045 0.0284991 -1
   vertex 0.407003 -0.0286245 -1
   vertex 0.407003 0.0286245 -1
  endloop
 endfacet
 facet normal 0 0 1
  outer loop
   vertex 0.407003 -0.0286245 1
   vertex 0.413045 0.0284991 1
   vertex 0.407003 0.0286245 1
  endloop
 endfacet
 facet normal 0 -0 -1
  outer loop
   vertex 0.166226 0.0273805 -1
   vertex 0.166226 -0.0273805 -1
   vertex 0.160253 -0.0271197 -1
  endloop
 endfacet
 facet normal 0 -0 1
  outer loop
   vertex 0.166226 -0.0273805 1
   vertex 0.166226 0.0273805 1
   vertex 0.160253 -0.0271197 1
  endloop
 endfacet
 facet normal -0 0 -1
  outer loop
   vertex 0.419087 0.0283684 -1
   vertex 0.413045 -0.0284991 -1
   vertex 0.413045 0.0284991 -1
  endloop
 endfacet
 facet normal 0 0 1
  outer loop
   vertex 0.413045 -0.0284991 1
   vertex 0.419087 0.0283684 1
   vertex 0.413045 0.0284991 1
  endloop
 endfacet
 facet normal 0 -0 -1
  outer loop
   vertex 0.172203 0.0276248 -1
   vertex 0.172203 -0.0276248 -1
   vertex 0.166226 -0.0273805 -1
  endloop
 endfacet
 facet normal 0 -0 1
  outer loop
   vertex 0.172203 -0.0276248 1
   vertex 0.172203 0.0276248 1
   vertex 0.166226 -0.0273805 1
  endloop
 endfacet
 facet normal -0 0 -1
  outer loop
   vertex 0.425129 0.0282324 -1
   vertex 0.419087 -0.0283684 -1
   vertex 0.419087 0.0283684 -1
  endloop
 endfacet
 facet normal 0 0 1
  outer loop
   vertex 0.419087 -0.0283684 1
   vertex 0.425129 0.0282324 1
   vertex 0.419087 0.0283684 1
  endloop
 endfacet
 facet normal 0 -0 -1
  outer loop
   vertex 0.178185 0.0278534 -1
   vertex 0.178185 -0.0278534 -1
   vertex 0.172203 -0.0276248 -1
  endloop
 endfacet
 facet normal 0 -0 1
  outer loop
   vertex 0.178185 -0.0278534 1
   vertex 0.178185 0.0278534 1
   vertex 0.172203 -0.0276248 1
  endloop
 endfacet
 facet normal -0 0 -1
  outer loop
   vertex 0.431172 0.0280913 -1
   vertex 0.425129 -0.0282324 -1
   vertex 0.425129 0.0282324 -1
  endloop
 endfacet
 facet normal 0 0 1
  outer loop
   vertex 0.425129 -0.0282324 1
   vertex 0.431172 0.0280913 1
   vertex 0.425129 0.0282324 1
  endloop
 endfacet
 facet normal 0 -0 -1
  outer loop
   vertex 0.18417 0.0280668 -1
   vertex 0.18417 -0.0280668 -1
   vertex 0.178185 -0.0278534 -1
  endloop
 endfacet
 facet normal 0 -0 1
  outer loop
   vertex 0.18417 -0.0280668 1
   vertex 0.18417 0.0280668 1
   vertex 0.178185 -0.0278534 1
  endloop
 endfacet
 facet normal -0 0 -1
  outer loop
   vertex 0.437215 0.0279453 -1
   vertex 0.431172 -0.0280913 -1
   vertex 0.431172 0.0280913 -1
  endloop
 endfacet
 facet normal 0 0 1
  outer loop
   vertex 0.431172 -0.0280913 1
   vertex 0.437215 0.0279453 1
   vertex 0.431172 0.0280913 1
  endloop
 endfacet
 facet normal 0 -0 -1
  outer loop
   vertex 0.19016 0.0282656 -1
   vertex 0.19016 -0.0282656 -1
   vertex 0.18417 -0.0280668 -1
  endloop
 endfacet
 facet normal 0 -0 1
  outer loop
   vertex 0.19016 -0.0282656 1
   vertex 0.19016 0.0282656 1
   vertex 0.18417 -0.0280668 1
  endloop
 endfacet
 facet normal -0 0 -1
  outer loop
   vertex 0.443259 0.0277943 -1
   vertex 0.437215 -0.0279453 -1
   vertex 0.437215 0.0279453 -1
  endloop
 endfacet
 facet normal 0 0 1
  outer loop
   vertex 0.437215 -0.0279453 1
   vertex 0.443259 0.0277943 1
   vertex 0.437215 0.0279453 1
  endloop
 endfacet
 facet normal 0 -0 -1
  outer loop
   vertex 0.196152 0.0284503 -1
   vertex 0.196152 -0.0284503 -1
   vertex 0.19016 -0.0282656 -1
  endloop
 endfacet
 facet normal 0 -0 1
  outer loop
   vertex 0.196152 -0.0284503 1
   vertex 0.196152 0.0284503 1
   vertex 0.19016 -0.0282656 1
  endloop
 endfacet
 facet normal -0 0 -1
  outer loop
   vertex 0.449303 0.0276385 -1
   vertex 0.443259 -0.0277943 -1
   vertex 0.443259 0.0277943 -1
  endloop
 endfacet
 facet normal 0 0 1
  outer loop
   vertex 0.443259 -0.0277943 1
   vertex 0.449303 0.0276385 1
   vertex 0.443259 0.0277943 1
  endloop
 endfacet
 facet normal 0 -0 -1
  outer loop
   vertex 0.202148 0.0286215 -1
   vertex 0.202148 -0.0286215 -1
   vertex 0.196152 -0.0284503 -1
  endloop
 endfacet
 facet normal 0 -0 1
  outer loop
   vertex 0.202148 -0.0286215 1
   vertex 0.202148 0.0286215 1
   vertex 0.196152 -0.0284503 1
  endloop
 endfacet
 facet normal -0 0 -1
  outer loop
   vertex 0.455347 0.0274779 -1
   vertex 0.449303 -0.0276385 -1
   vertex 0.449303 0.0276385 -1
  endloop
 endfacet
 facet normal 0 0 1
  outer loop
   vertex 0.449303 -0.0276385 1
   vertex 0.455347 0.0274779 1
   vertex 0.449303 0.0276385 1
  endloop
 endfacet
 facet normal 0 -0 -1
  outer loop
   vertex 0.208146 0.0287795 -1
   vertex 0.208146 -0.0287795 -1
   vertex 0.202148 -0.0286215 -1
  endloop
 endfacet
 facet normal 0 -0 1
  outer loop
   vertex 0.208146 -0.0287795 1
   vertex 0.208146 0.0287795 1
   vertex 0.202148 -0.0286215 1
  endloop
 endfacet
 facet normal -0 0 -1
  outer loop
   vertex 0.461392 0.0273128 -1
   vertex 0.455347 -0.0274779 -1
   vertex 0.455347 0.0274779 -1
  endloop
 endfacet
 facet normal 0 0 1
  outer loop
   vertex 0.455347 -0.0274779 1
   vertex 0.461392 0.0273128 1
   vertex 0.455347 0.0274779 1
  endloop
 endfacet
 facet normal 0 -0 -1
  outer loop
   vertex 0.214148 0.0289248 -1
   vertex 0.214148 -0.0289248 -1
   vertex 0.208146 -0.0287795 -1
  endloop
 endfacet
 facet normal 0 -0 1
  outer loop
   vertex 0.214148 -0.0289248 1
   vertex 0.214148 0.0289248 1
   vertex 0.208146 -0.0287795 1
  endloop
 endfacet
 facet normal -0 0 -1
  outer loop
   vertex 0.467437 0.0271432 -1
   vertex 0.461392 -0.0273128 -1
   vertex 0.461392 0.0273128 -1
  endloop
 endfacet
 facet normal 0 0 1
  outer loop
   vertex 0.461392 -0.0273128 1
   vertex 0.467437 0.0271432 1
   vertex 0.461392 0.0273128 1
  endloop
 endfacet
 facet normal 0 -0 -1
  outer loop
   vertex 0.220151 0.0290577 -1
   vertex 0.220151 -0.0290577 -1
   vertex 0.214148 -0.0289248 -1
  endloop
 endfacet
 facet normal 0 -0 1
  outer loop
   vertex 0.220151 -0.0290577 1
   vertex 0.220151 0.0290577 1
   vertex 0.214148 -0.0289248 1
  endloop
 endfacet
 facet normal -0 0 -1
  outer loop
   vertex 0.473483 0.026969 -1
   vertex 0.467437 -0.0271432 -1
   vertex 0.467437 0.0271432 -1
  endloop
 endfacet
 facet normal 0 0 1
  outer loop
   vertex 0.467437 -0.0271432 1
   vertex 0.473483 0.026969 1
   vertex 0.467437 0.0271432 1
  endloop
 endfacet
 facet normal 0 -0 -1
  outer loop
   vertex 0.226158 0.0291788 -1
   vertex 0.226158 -0.0291788 -1
   vertex 0.220151 -0.0290577 -1
  endloop
 endfacet
 facet normal 0 -0 1
  outer loop
   vertex 0.226158 -0.0291788 1
   vertex 0.226158 0.0291788 1
   vertex 0.220151 -0.0290577 1
  endloop
 endfacet
 facet normal -0 0 -1
  outer loop
   vertex 0.479529 0.0267906 -1
   vertex 0.473483 -0.026969 -1
   vertex 0.473483 0.026969 -1
  endloop
 endfacet
 facet normal 0 0 1
  outer loop
   vertex 0.473483 -0.026969 1
   vertex 0.479529 0.0267906 1
   vertex 0.473483 0.026969 1
  endloop
 endfacet
 facet normal 0 -0 -1
  outer loop
   vertex 0.232166 0.0292884 -1
   vertex 0.232166 -0.0292884 -1
   vertex 0.226158 -0.0291788 -1
  endloop
 endfacet
 facet normal 0 -0 1
  outer loop
   vertex 0.232166 -0.0292884 1
   vertex 0.232166 0.0292884 1
   vertex 0.226158 -0.0291788 1
  endloop
 endfacet
 facet normal -0 0 -1
  outer loop
   vertex 0.485575 0.0266079 -1
   vertex 0.479529 -0.0267906 -1
   vertex 0.479529 0.0267906 -1
  endloop
 endfacet
 facet normal 0 0 1
  outer loop
   vertex 0.479529 -0.0267906 1
   vertex 0.485575 0.0266079 1
   vertex 0.479529 0.0267906 1
  endloop
 endfacet
 facet normal 0 -0 -1
  outer loop
   vertex 0.238177 0.0293867 -1
   vertex 0.238177 -0.0293867 -1
   vertex 0.232166 -0.0292884 -1
  endloop
 endfacet
 facet normal 0 -0 1
  outer loop
   vertex 0.238177 -0.0293867 1
   vertex 0.238177 0.0293867 1
   vertex 0.232166 -0.0292884 1
  endloop
 endfacet
 facet normal -0 0 -1
  outer loop
   vertex 0.491621 0.0264209 -1
   vertex 0.485575 -0.0266079 -1
   vertex 0.485575 0.0266079 -1
  endloop
 endfacet
 facet normal 0 0 1
  outer loop
   vertex 0.485575 -0.0266079 1
   vertex 0.491621 0.0264209 1
   vertex 0.485575 0.0266079 1
  endloop
 endfacet
 facet normal 0 -0 -1
  outer loop
   vertex 0.244189 0.0294742 -1
   vertex 0.244189 -0.0294742 -1
   vertex 0.238177 -0.0293867 -1
  endloop
 endfacet
 facet normal 0 -0 1
  outer loop
   vertex 0.244189 -0.0294742 1
   vertex 0.244189 0.0294742 1
   vertex 0.238177 -0.0293867 1
  endloop
 endfacet
 facet normal -0 0 -1
  outer loop
   vertex 0.497668 0.0262299 -1
   vertex 0.491621 -0.0264209 -1
   vertex 0.491621 0.0264209 -1
  endloop
 endfacet
 facet normal 0 0 1
  outer loop
   vertex 0.491621 -0.0264209 1
   vertex 0.497668 0.0262299 1
   vertex 0.491621 0.0264209 1
  endloop
 endfacet
 facet normal 0 -0 -1
  outer loop
   vertex 0.250204 0.0295512 -1
   vertex 0.250204 -0.0295512 -1
   vertex 0.244189 -0.0294742 -1
  endloop
 endfacet
 facet normal 0 -0 1
  outer loop
   vertex 0.250204 -0.0295512 1
   vertex 0.250204 0.0295512 1
   vertex 0.244189 -0.0294742 1
  endloop
 endfacet
 facet normal -0 0 -1
  outer loop
   vertex 0.503715 0.0260348 -1
   vertex 0.497668 -0.0262299 -1
   vertex 0.497668 0.0262299 -1
  endloop
 endfacet
 facet normal 0 0 1
  outer loop
   vertex 0.497668 -0.0262299 1
   vertex 0.503715 0.0260348 1
   vertex 0.497668 0.0262299 1
  endloop
 endfacet
 facet normal 0 -0 -1
  outer loop
   vertex 0.25622 0.0296178 -1
   vertex 0.25622 -0.0296178 -1
   vertex 0.250204 -0.0295512 -1
  endloop
 endfacet
 facet normal 0 -0 1
  outer loop
   vertex 0.25622 -0.0296178 1
   vertex 0.25622 0.0296178 1
   vertex 0.250204 -0.0295512 1
  endloop
 endfacet
 facet normal -0 0 -1
  outer loop
   vertex 0.509763 0.0258358 -1
   vertex 0.503715 -0.0260348 -1
   vertex 0.503715 0.0260348 -1
  endloop
 endfacet
 facet normal 0 0 1
  outer loop
   vertex 0.503715 -0.0260348 1
   vertex 0.509763 0.0258358 1
   vertex 0.503715 0.0260348 1
  endloop
 endfacet
 facet normal 0 -0 -1
  outer loop
   vertex 0.262238 0.0296746 -1
   vertex 0.262238 -0.0296746 -1
   vertex 0.25622 -0.0296178 -1
  endloop
 endfacet
 facet normal 0 -0 1
  outer loop
   vertex 0.262238 -0.0296746 1
   vertex 0.262238 0.0296746 1
   vertex 0.25622 -0.0296178 1
  endloop
 endfacet
 facet normal -0 0 -1
  outer loop
   vertex 0.51581 0.0256328 -1
   vertex 0.509763 -0.0258358 -1
   vertex 0.509763 0.0258358 -1
  endloop
 endfacet
 facet normal 0 0 1
  outer loop
   vertex 0.509763 -0.0258358 1
   vertex 0.51581 0.0256328 1
   vertex 0.509763 0.0258358 1
  endloop
 endfacet
 facet normal 0 -0 -1
  outer loop
   vertex 0.268257 0.0297216 -1
   vertex 0.268257 -0.0297216 -1
   vertex 0.262238 -0.0296746 -1
  endloop
 endfacet
 facet normal 0 -0 1
  outer loop
   vertex 0.268257 -0.0297216 1
   vertex 0.268257 0.0297216 1
   vertex 0.262238 -0.0296746 1
  endloop
 endfacet
 facet normal -0 0 -1
  outer loop
   vertex 0.521858 0.025426 -1
   vertex 0.51581 -0.0256328 -1
   vertex 0.51581 0.0256328 -1
  endloop
 endfacet
 facet normal 0 0 1
  outer loop
   vertex 0.51581 -0.0256328 1
   vertex 0.521858 0.025426 1
   vertex 0.51581 0.0256328 1
  endloop
 endfacet
 facet normal 0 -0 -1
  outer loop
   vertex 0.274278 0.0297593 -1
   vertex 0.274278 -0.0297593 -1
   vertex 0.268257 -0.0297216 -1
  endloop
 endfacet
 facet normal 0 -0 1
  outer loop
   vertex 0.274278 -0.0297593 1
   vertex 0.274278 0.0297593 1
   vertex 0.268257 -0.0297216 1
  endloop
 endfacet
 facet normal -0 0 -1
  outer loop
   vertex 0.527906 0.0252155 -1
   vertex 0.521858 -0.025426 -1
   vertex 0.521858 0.025426 -1
  endloop
 endfacet
 facet normal 0 0 1
  outer loop
   vertex 0.521858 -0.025426 1
   vertex 0.527906 0.0252155 1
   vertex 0.521858 0.025426 1
  endloop
 endfacet
 facet normal 0 -0 -1
  outer loop
   vertex 0.2803 0.0297877 -1
   vertex 0.2803 -0.0297877 -1
   vertex 0.274278 -0.0297593 -1
  endloop
 endfacet
 facet normal 0 -0 1
  outer loop
   vertex 0.2803 -0.0297877 1
   vertex 0.2803 0.0297877 1
   vertex 0.274278 -0.0297593 1
  endloop
 endfacet
 facet normal -0 0 -1
  outer loop
   vertex 0.533954 0.0250013 -1
   vertex 0.527906 -0.0252155 -1
   vertex 0.527906 0.0252155 -1
  endloop
 endfacet
 facet normal 0 0 1
  outer loop
   vertex 0.527906 -0.0252155 1
   vertex 0.533954 0.0250013 1
   vertex 0.527906 0.0252155 1
  endloop
 endfacet
 facet normal 0 -0 -1
  outer loop
   vertex 0.286324 0.0298072 -1
   vertex 0.286324 -0.0298072 -1
   vertex 0.2803 -0.0297877 -1
  endloop
 endfacet
 facet normal 0 -0 1
  outer loop
   vertex 0.286324 -0.0298072 1
   vertex 0.286324 0.0298072 1
   vertex 0.2803 -0.0297877 1
  endloop
 endfacet
 facet normal -0 0 -1
  outer loop
   vertex 0.540003 0.0247835 -1
   vertex 0.533954 -0.0250013 -1
   vertex 0.533954 0.0250013 -1
  endloop
 endfacet
 facet normal 0 0 1
  outer loop
   vertex 0.533954 -0.0250013 1
   vertex 0.540003 0.0247835 1
   vertex 0.533954 0.0250013 1
  endloop
 endfacet
 facet normal 0 -0 -1
  outer loop
   vertex 0.292349 0.0298181 -1
   vertex 0.292349 -0.0298181 -1
   vertex 0.286324 -0.0298072 -1
  endloop
 endfacet
 facet normal 0 -0 1
  outer loop
   vertex 0.292349 -0.0298181 1
   vertex 0.292349 0.0298181 1
   vertex 0.286324 -0.0298072 1
  endloop
 endfacet
 facet normal -0 0 -1
  outer loop
   vertex 0.546052 0.0245621 -1
   vertex 0.540003 -0.0247835 -1
   vertex 0.540003 0.0247835 -1
  endloop
 endfacet
 facet normal 0 0 1
  outer loop
   vertex 0.540003 -0.0247835 1
   vertex 0.546052 0.0245621 1
   vertex 0.540003 0.0247835 1
  endloop
 endfacet
 facet normal 0 -0 -1
  outer loop
   vertex 0.298375 0.0298204 -1
   vertex 0.298375 -0.0298204 -1
   vertex 0.292349 -0.0298181 -1
  endloop
 endfacet
 facet normal 0 -0 1
  outer loop
   vertex 0.298375 -0.0298204 1
   vertex 0.298375 0.0298204 1
   vertex 0.292349 -0.0298181 1
  endloop
 endfacet
 facet normal -0 0 -1
  outer loop
   vertex 0.5521 0.0243371 -1
   vertex 0.546052 -0.0245621 -1
   vertex 0.546052 0.0245621 -1
  endloop
 endfacet
 facet normal 0 0 1
  outer loop
   vertex 0.546052 -0.0245621 1
   vertex 0.5521 0.0243371 1
   vertex 0.546052 0.0245621 1
  endloop
 endfacet
 facet normal 0 -0 -1
  outer loop
   vertex 0.304403 0.0298145 -1
   vertex 0.304403 -0.0298145 -1
   vertex 0.298375 -0.0298204 -1
  endloop
 endfacet
 facet normal 0 -0 1
  outer loop
   vertex 0.304403 -0.0298145 1
   vertex 0.304403 0.0298145 1
   vertex 0.298375 -0.0298204 1
  endloop
 endfacet
 facet normal -0 0 -1
  outer loop
   vertex 0.55815 0.0241088 -1
   vertex 0.5521 -0.0243371 -1
   vertex 0.5521 0.0243371 -1
  endloop
 endfacet
 facet normal 0 0 1
  outer loop
   vertex 0.5521 -0.0243371 1
   vertex 0.55815 0.0241088 1
   vertex 0.5521 0.0243371 1
  endloop
 endfacet
 facet normal 0 -0 -1
  outer loop
   vertex 0.310431 0.0298005 -1
   vertex 0.310431 -0.0298005 -1
   vertex 0.304403 -0.0298145 -1
  endloop
 endfacet
 facet normal 0 -0 1
  outer loop
   vertex 0.310431 -0.0298005 1
   vertex 0.310431 0.0298005 1
   vertex 0.304403 -0.0298145 1
  endloop
 endfacet
 facet normal -0 0 -1
  outer loop
   vertex 0.564199 0.023877 -1
   vertex 0.55815 -0.0241088 -1
   vertex 0.55815 0.0241088 -1
  endloop
 endfacet
 facet normal 0 0 1
  outer loop
   vertex 0.55815 -0.0241088 1
   vertex 0.564199 0.023877 1
   vertex 0.55815 0.0241088 1
  endloop
 endfacet
 facet normal 0 -0 -1
  outer loop
   vertex 0.316461 0.0297787 -1
   vertex 0.316461 -0.0297787 -1
   vertex 0.310431 -0.0298005 -1
  endloop
 endfacet
 facet normal 0 -0 1
  outer loop
   vertex 0.316461 -0.0297787 1
   vertex 0.316461 0.0297787 1
   vertex 0.310431 -0.0298005 1
  endloop
 endfacet
 facet normal -0 0 -1
  outer loop
   vertex 0.570248 0.0236419 -1
   vertex 0.564199 -0.023877 -1
   vertex 0.564199 0.023877 -1
  endloop
 endfacet
 facet normal 0 0 1
  outer loop
   vertex 0.564199 -0.023877 1
   vertex 0.570248 0.0236419 1
   vertex 0.564199 0.023877 1
  endloop
 endfacet
 facet normal 0 -0 -1
  outer loop
   vertex 0.322491 0.0297492 -1
   vertex 0.322491 -0.0297492 -1
   vertex 0.316461 -0.0297787 -1
  endloop
 endfacet
 facet normal 0 -0 1
  outer loop
   vertex 0.322491 -0.0297492 1
   vertex 0.322491 0.0297492 1
   vertex 0.316461 -0.0297787 1
  endloop
 endfacet
 facet normal -0 0 -1
  outer loop
   vertex 0.576298 0.0234035 -1
   vertex 0.570248 -0.0236419 -1
   vertex 0.570248 0.0236419 -1
  endloop
 endfacet
 facet normal 0 0 1
  outer loop
   vertex 0.570248 -0.0236419 1
   vertex 0.576298 0.0234035 1
   vertex 0.570248 0.0236419 1
  endloop
 endfacet
 facet normal 0 -0 -1
  outer loop
   vertex 0.328523 0.0297123 -1
   vertex 0.328523 -0.0297123 -1
   vertex 0.322491 -0.0297492 -1
  endloop
 endfacet
 facet normal 0 -0 1
  outer loop
   vertex 0.328523 -0.0297123 1
   vertex 0.328523 0.0297123 1
   vertex 0.322491 -0.0297492 1
  endloop
 endfacet
 facet normal -0 0 -1
  outer loop
   vertex 0.582348 0.0231619 -1
   vertex 0.576298 -0.0234035 -1
   vertex 0.576298 0.0234035 -1
  endloop
 endfacet
 facet normal 0 0 1
  outer loop
   vertex 0.576298 -0.0234035 1
   vertex 0.582348 0.0231619 1
   vertex 0.576298 0.0234035 1
  endloop
 endfacet
 facet normal 0 -0 -1
  outer loop
   vertex 0.334555 0.029668 -1
   vertex 0.334555 -0.029668 -1
   vertex 0.328523 -0.0297123 -1
  endloop
 endfacet
 facet normal 0 -0 1
  outer loop
   vertex 0.334555 -0.029668 1
   vertex 0.334555 0.029668 1
   vertex 0.328523 -0.0297123 1
  endloop
 endfacet
 facet normal -0 0 -1
  outer loop
   vertex 0.588397 0.0229171 -1
   vertex 0.582348 -0.0231619 -1
   vertex 0.582348 0.0231619 -1
  endloop
 endfacet
 facet normal 0 0 1
  outer loop
   vertex 0.582348 -0.0231619 1
   vertex 0.588397 0.0229171 1
   vertex 0.582348 0.0231619 1
  endloop
 endfacet
 facet normal 0 -0 -1
  outer loop
   vertex 0.340589 0.0296166 -1
   vertex 0.340589 -0.0296166 -1
   vertex 0.334555 -0.029668 -1
  endloop
 endfacet
 facet normal 0 -0 1
  outer loop
   vertex 0.340589 -0.0296166 1
   vertex 0.340589 0.0296166 1
   vertex 0.334555 -0.029668 1
  endloop
 endfacet
 facet normal -0 0 -1
  outer loop
   vertex 0.594447 0.0226691 -1
   vertex 0.588397 -0.0229171 -1
   vertex 0.588397 0.0229171 -1
  endloop
 endfacet
 facet normal 0 0 1
  outer loop
   vertex 0.588397 -0.0229171 1
   vertex 0.594447 0.0226691 1
   vertex 0.588397 0.0229171 1
  endloop
 endfacet
 facet normal 0 -0 -1
  outer loop
   vertex 0.346623 0.0295582 -1
   vertex 0.346623 -0.0295582 -1
   vertex 0.340589 -0.0296166 -1
  endloop
 endfacet
 facet normal 0 -0 1
  outer loop
   vertex 0.346623 -0.0295582 1
   vertex 0.346623 0.0295582 1
   vertex 0.340589 -0.0296166 1
  endloop
 endfacet
 facet normal -0 0 -1
  outer loop
   vertex 0.600497 0.0224181 -1
   vertex 0.594447 -0.0226691 -1
   vertex 0.594447 0.0226691 -1
  endloop
 endfacet
 facet normal 0 0 1
  outer loop
   vertex 0.594447 -0.0226691 1
   vertex 0.600497 0.0224181 1
   vertex 0.594447 0.0226691 1
  endloop
 endfacet
 facet normal 0 -0 -1
  outer loop
   vertex 0.352658 0.0294931 -1
   vertex 0.352658 -0.0294931 -1
   vertex 0.346623 -0.0295582 -1
  endloop
 endfacet
 facet normal 0 -0 1
  outer loop
   vertex 0.352658 -0.0294931 1
   vertex 0.352658 0.0294931 1
   vertex 0.346623 -0.0295582 1
  endloop
 endfacet
 facet normal -0 0 -1
  outer loop
   vertex 0.606547 0.022164 -1
   vertex 0.600497 -0.0224181 -1
   vertex 0.600497 0.0224181 -1
  endloop
 endfacet
 facet normal 0 0 1
  outer loop
   vertex 0.600497 -0.0224181 1
   vertex 0.606547 0.022164 1
   vertex 0.600497 0.0224181 1
  endloop
 endfacet
 facet normal 0 -0 -1
  outer loop
   vertex 0.358694 0.0294212 -1
   vertex 0.358694 -0.0294212 -1
   vertex 0.352658 -0.0294931 -1
  endloop
 endfacet
 facet normal 0 -0 1
  outer loop
   vertex 0.358694 -0.0294212 1
   vertex 0.358694 0.0294212 1
   vertex 0.352658 -0.0294931 1
  endloop
 endfacet
 facet normal -0 0 -1
  outer loop
   vertex 0.612598 0.0219069 -1
   vertex 0.606547 -0.022164 -1
   vertex 0.606547 0.022164 -1
  endloop
 endfacet
 facet normal 0 0 1
  outer loop
   vertex 0.606547 -0.022164 1
   vertex 0.612598 0.0219069 1
   vertex 0.606547 0.022164 1
  endloop
 endfacet
 facet normal 0 -0 -1
  outer loop
   vertex 0.36473 0.0293429 -1
   vertex 0.36473 -0.0293429 -1
   vertex 0.358694 -0.0294212 -1
  endloop
 endfacet
 facet normal 0 -0 1
  outer loop
   vertex 0.36473 -0.0293429 1
   vertex 0.36473 0.0293429 1
   vertex 0.358694 -0.0294212 1
  endloop
 endfacet
 facet normal -0 0 -1
  outer loop
   vertex 0.618648 0.0216468 -1
   vertex 0.612598 -0.0219069 -1
   vertex 0.612598 0.0219069 -1
  endloop
 endfacet
 facet normal 0 0 1
  outer loop
   vertex 0.612598 -0.0219069 1
   vertex 0.618648 0.0216468 1
   vertex 0.612598 0.0219069 1
  endloop
 endfacet
 facet normal 0 -0 -1
  outer loop
   vertex 0.370767 0.0292583 -1
   vertex 0.370767 -0.0292583 -1
   vertex 0.36473 -0.0293429 -1
  endloop
 endfacet
 facet normal 0 -0 1
  outer loop
   vertex 0.370767 -0.0292583 1
   vertex 0.370767 0.0292583 1
   vertex 0.36473 -0.0293429 1
  endloop
 endfacet
 facet normal -0 0 -1
  outer loop
   vertex 0.624699 0.0213838 -1
   vertex 0.618648 -0.0216468 -1
   vertex 0.618648 0.0216468 -1
  endloop
 endfacet
 facet normal 0 0 1
  outer loop
   vertex 0.618648 -0.0216468 1
   vertex 0.624699 0.0213838 1
   vertex 0.618648 0.0216468 1
  endloop
 endfacet
 facet normal 0 -0 -1
  outer loop
   vertex 0.376805 0.0291674 -1
   vertex 0.376805 -0.0291674 -1
   vertex 0.370767 -0.0292583 -1
  endloop
 endfacet
 facet normal 0 -0 1
  outer loop
   vertex 0.376805 -0.0291674 1
   vertex 0.376805 0.0291674 1
   vertex 0.370767 -0.0292583 1
  endloop
 endfacet
 facet normal -0 0 -1
  outer loop
   vertex 0.630749 0.0211179 -1
   vertex 0.624699 -0.0213838 -1
   vertex 0.624699 0.0213838 -1
  endloop
 endfacet
 facet normal 0 0 1
  outer loop
   vertex 0.624699 -0.0213838 1
   vertex 0.630749 0.0211179 1
   vertex 0.624699 0.0213838 1
  endloop
 endfacet
 facet normal 0 -0 -1
  outer loop
   vertex 0.382843 0.0290704 -1
   vertex 0.382843 -0.0290704 -1
   vertex 0.376805 -0.0291674 -1
  endloop
 endfacet
 facet normal 0 -0 1
  outer loop
   vertex 0.382843 -0.0290704 1
   vertex 0.382843 0.0290704 1
   vertex 0.376805 -0.0291674 1
  endloop
 endfacet
 facet normal -0 0 -1
  outer loop
   vertex 0.6368 0.0208491 -1
   vertex 0.630749 -0.0211179 -1
   vertex 0.630749 0.0211179 -1
  endloop
 endfacet
 facet normal 0 0 1
  outer loop
   vertex 0.630749 -0.0211179 1
   vertex 0.6368 0.0208491 1
   vertex 0.630749 0.0211179 1
  endloop
 endfacet
 facet normal 0 -0 -1
  outer loop
   vertex 0.388883 0.0289675 -1
   vertex 0.388883 -0.0289675 -1
   vertex 0.382843 -0.0290704 -1
  endloop
 endfacet
 facet normal 0 -0 1
  outer loop
   vertex 0.388883 -0.0289675 1
   vertex 0.388883 0.0289675 1
   vertex 0.382843 -0.0290704 1
  endloop
 endfacet
 facet normal -0 0 -1
  outer loop
   vertex 0.64285 0.0205775 -1
   vertex 0.6368 -0.0208491 -1
   vertex 0.6368 0.0208491 -1
  endloop
 endfacet
 facet normal 0 0 1
  outer loop
   vertex 0.6368 -0.0208491 1
   vertex 0.64285 0.0205775 1
   vertex 0.6368 0.0208491 1
  endloop
 endfacet
 facet normal 0 -0 -1
  outer loop
   vertex 0.394922 0.0288588 -1
   vertex 0.394922 -0.0288588 -1
   vertex 0.388883 -0.0289675 -1
  endloop
 endfacet
 facet normal 0 -0 1
  outer loop
   vertex 0.394922 -0.0288588 1
   vertex 0.394922 0.0288588 1
   vertex 0.388883 -0.0289675 1
  endloop
 endfacet
 facet normal -0 0 -1
  outer loop
   vertex 0.648901 0.0203031 -1
   vertex 0.64285 -0.0205775 -1
   vertex 0.64285 0.0205775 -1
  endloop
 endfacet
 facet normal 0 0 1
  outer loop
   vertex 0.64285 -0.0205775 1
   vertex 0.648901 0.0203031 1
   vertex 0.64285 0.0205775 1
  endloop
 endfacet
 facet normal 0 -0 -1
  outer loop
   vertex 0.400963 0.0287444 -1
   vertex 0.400963 -0.0287444 -1
   vertex 0.394922 -0.0288588 -1
  endloop
 endfacet
 facet normal 0 -0 1
  outer loop
   vertex 0.400963 -0.0287444 1
   vertex 0.400963 0.0287444 1
   vertex 0.394922 -0.0288588 1
  endloop
 endfacet
 facet normal 0 -0 -1
  outer loop
   vertex 0.407003 0.0286245 -1
   vertex 0.407003 -0.0286245 -1
   vertex 0.400963 -0.0287444 -1
  endloop
 endfacet
 facet normal 0 -0 1
  outer loop
   vertex 0.407003 -0.0286245 1
   vertex 0.407003 0.0286245 1
   vertex 0.400963 -0.0287444 1
  endloop
 endfacet
 facet normal -0 0 -1
  outer loop
   vertex 0.654952 0.020026 -1
   vertex 0.648901 -0.0203031 -1
   vertex 0.648901 0.0203031 -1
  endloop
 endfacet
 facet normal 0 0 1
  outer loop
   vertex 0.648901 -0.0203031 1
   vertex 0.654952 0.020026 1
   vertex 0.648901 0.0203031 1
  endloop
 endfacet
 facet normal 0 -0 -1
  outer loop
   vertex 0.413045 0.0284991 -1
   vertex 0.413045 -0.0284991 -1
   vertex 0.407003 -0.0286245 -1
  endloop
 endfacet
 facet normal 0 -0 1
  outer loop
   vertex 0.413045 -0.0284991 1
   vertex 0.413045 0.0284991 1
   vertex 0.407003 -0.0286245 1
  endloop
 endfacet
 facet normal -0 0 -1
  outer loop
   vertex 0.661002 0.0197461 -1
   vertex 0.654952 -0.020026 -1
   vertex 0.654952 0.020026 -1
  endloop
 endfacet
 facet normal 0 0 1
  outer loop
   vertex 0.654952 -0.020026 1
   vertex 0.661002 0.0197461 1
   vertex 0.654952 0.020026 1
  endloop
 endfacet
 facet normal 0 -0 -1
  outer loop
   vertex 0.419087 0.0283684 -1
   vertex 0.419087 -0.0283684 -1
   vertex 0.413045 -0.0284991 -1
  endloop
 endfacet
 facet normal 0 -0 1
  outer loop
   vertex 0.419087 -0.0283684 1
   vertex 0.419087 0.0283684 1
   vertex 0.413045 -0.0284991 1
  endloop
 endfacet
 facet normal -0 0 -1
  outer loop
   vertex 0.667053 0.0194635 -1
   vertex 0.661002 -0.0197461 -1
   vertex 0.661002 0.0197461 -1
  endloop
 endfacet
 facet normal 0 0 1
  outer loop
   vertex 0.661002 -0.0197461 1
   vertex 0.667053 0.0194635 1
   vertex 0.661002 0.0197461 1
  endloop
 endfacet
 facet normal 0 -0 -1
  outer loop
   vertex 0.425129 0.0282324 -1
   vertex 0.425129 -0.0282324 -1
   vertex 0.419087 -0.0283684 -1
  endloop
 endfacet
 facet normal 0 -0 1
  outer loop
   vertex 0.425129 -0.0282324 1
   vertex 0.425129 0.0282324 1
   vertex 0.419087 -0.0283684 1
  endloop
 endfacet
 facet normal -0 0 -1
  outer loop
   vertex 0.673104 0.0191783 -1
   vertex 0.667053 -0.0194635 -1
   vertex 0.667053 0.0194635 -1
  endloop
 endfacet
 facet normal 0 0 1
  outer loop
   vertex 0.667053 -0.0194635 1
   vertex 0.673104 0.0191783 1
   vertex 0.667053 0.0194635 1
  endloop
 endfacet
 facet normal 0 -0 -1
  outer loop
   vertex 0.431172 0.0280913 -1
   vertex 0.431172 -0.0280913 -1
   vertex 0.425129 -0.0282324 -1
  endloop
 endfacet
 facet normal 0 -0 1
  outer loop
   vertex 0.431172 -0.0280913 1
   vertex 0.431172 0.0280913 1
   vertex 0.425129 -0.0282324 1
  endloop
 endfacet
 facet normal -0 0 -1
  outer loop
   vertex 0.679155 0.0188904 -1
   vertex 0.673104 -0.0191783 -1
   vertex 0.673104 0.0191783 -1
  endloop
 endfacet
 facet normal 0 0 1
  outer loop
   vertex 0.673104 -0.0191783 1
   vertex 0.679155 0.0188904 1
   vertex 0.673104 0.0191783 1
  endloop
 endfacet
 facet normal 0 -0 -1
  outer loop
   vertex 0.437215 0.0279453 -1
   vertex 0.437215 -0.0279453 -1
   vertex 0.431172 -0.0280913 -1
  endloop
 endfacet
 facet normal 0 -0 1
  outer loop
   vertex 0.437215 -0.0279453 1
   vertex 0.437215 0.0279453 1
   vertex 0.431172 -0.0280913 1
  endloop
 endfacet
 facet normal -0 0 -1
  outer loop
   vertex 0.685205 0.0185998 -1
   vertex 0.679155 -0.0188904 -1
   vertex 0.679155 0.0188904 -1
  endloop
 endfacet
 facet normal 0 0 1
  outer loop
   vertex 0.679155 -0.0188904 1
   vertex 0.685205 0.0185998 1
   vertex 0.679155 0.0188904 1
  endloop
 endfacet
 facet normal 0 -0 -1
  outer loop
   vertex 0.443259 0.0277943 -1
   vertex 0.443259 -0.0277943 -1
   vertex 0.437215 -0.0279453 -1
  endloop
 endfacet
 facet normal 0 -0 1
  outer loop
   vertex 0.443259 -0.0277943 1
   vertex 0.443259 0.0277943 1
   vertex 0.437215 -0.0279453 1
  endloop
 endfacet
 facet normal -0 0 -1
  outer loop
   vertex 0.691256 0.0183067 -1
   vertex 0.685205 -0.0185998 -1
   vertex 0.685205 0.0185998 -1
  endloop
 endfacet
 facet normal 0 0 1
  outer loop
   vertex 0.685205 -0.0185998 1
   vertex 0.691256 0.0183067 1
   vertex 0.685205 0.0185998 1
  endloop
 endfacet
 facet normal 0 -0 -1
  outer loop
   vertex 0.449303 0.0276385 -1
   vertex 0.449303 -0.0276385 -1
   vertex 0.443259 -0.0277943 -1
  endloop
 endfacet
 facet normal 0 -0 1
  outer loop
   vertex 0.449303 -0.0276385 1
   vertex 0.449303 0.0276385 1
   vertex 0.443259 -0.0277943 1
  endloop
 endfacet
 facet normal -0 0 -1
  outer loop
   vertex 0.697307 0.018011 -1
   vertex 0.691256 -0.0183067 -1
   vertex 0.691256 0.0183067 -1
  endloop
 endfacet
 facet normal 0 0 1
  outer loop
   vertex 0.691256 -0.0183067 1
   vertex 0.697307 0.018011 1
   vertex 0.691256 0.0183067 1
  endloop
 endfacet
 facet normal 0 -0 -1
  outer loop
   vertex 0.455347 0.0274779 -1
   vertex 0.455347 -0.0274779 -1
   vertex 0.449303 -0.0276385 -1
  endloop
 endfacet
 facet normal 0 -0 1
  outer loop
   vertex 0.455347 -0.0274779 1
   vertex 0.455347 0.0274779 1
   vertex 0.449303 -0.0276385 1
  endloop
 endfacet
 facet normal -0 0 -1
  outer loop
   vertex 0.703358 0.0177127 -1
   vertex 0.697307 -0.018011 -1
   vertex 0.697307 0.018011 -1
  endloop
 endfacet
 facet normal 0 0 1
  outer loop
   vertex 0.697307 -0.018011 1
   vertex 0.703358 0.0177127 1
   vertex 0.697307 0.018011 1
  endloop
 endfacet
 facet normal 0 -0 -1
  outer loop
   vertex 0.461392 0.0273128 -1
   vertex 0.461392 -0.0273128 -1
   vertex 0.455347 -0.0274779 -1
  endloop
 endfacet
 facet normal 0 -0 1
  outer loop
   vertex 0.461392 -0.0273128 1
   vertex 0.461392 0.0273128 1
   vertex 0.455347 -0.0274779 1
  endloop
 endfacet
 facet normal -0 0 -1
  outer loop
   vertex 0.709408 0.0174119 -1
   vertex 0.703358 -0.0177127 -1
   vertex 0.703358 0.0177127 -1
  endloop
 endfacet
 facet normal 0 0 1
  outer loop
   vertex 0.703358 -0.0177127 1
   vertex 0.709408 0.0174119 1
   vertex 0.703358 0.0177127 1
  endloop
 endfacet
 facet normal 0 -0 -1
  outer loop
   vertex 0.467437 0.0271432 -1
   vertex 0.467437 -0.0271432 -1
   vertex 0.461392 -0.0273128 -1
  endloop
 endfacet
 facet normal 0 -0 1
  outer loop
   vertex 0.467437 -0.0271432 1
   vertex 0.467437 0.0271432 1
   vertex 0.461392 -0.0273128 1
  endloop
 endfacet
 facet normal -0 0 -1
  outer loop
   vertex 0.715459 0.0171085 -1
   vertex 0.709408 -0.0174119 -1
   vertex 0.709408 0.0174119 -1
  endloop
 endfacet
 facet normal 0 0 1
  outer loop
   vertex 0.709408 -0.0174119 1
   vertex 0.715459 0.0171085 1
   vertex 0.709408 0.0174119 1
  endloop
 endfacet
 facet normal 0 -0 -1
  outer loop
   vertex 0.473483 0.026969 -1
   vertex 0.473483 -0.026969 -1
   vertex 0.467437 -0.0271432 -1
  endloop
 endfacet
 facet normal 0 -0 1
  outer loop
   vertex 0.473483 -0.026969 1
   vertex 0.473483 0.026969 1
   vertex 0.467437 -0.0271432 1
  endloop
 endfacet
 facet normal 0 -0 -1
  outer loop
   vertex 0.479529 0.0267906 -1
   vertex 0.479529 -0.0267906 -1
   vertex 0.473483 -0.026969 -1
  endloop
 endfacet
 facet normal 0 -0 1
  outer loop
   vertex 0.479529 -0.0267906 1
   vertex 0.479529 0.0267906 1
   vertex 0.473483 -0.026969 1
  endloop
 endfacet
 facet normal -0 0 -1
  outer loop
   vertex 0.72151 0.0168027 -1
   vertex 0.715459 -0.0171085 -1
   vertex 0.715459 0.0171085 -1
  endloop
 endfacet
 facet normal 0 0 1
  outer loop
   vertex 0.715459 -0.0171085 1
   vertex 0.72151 0.0168027 1
   vertex 0.715459 0.0171085 1
  endloop
 endfacet
 facet normal 0 -0 -1
  outer loop
   vertex 0.485575 0.0266079 -1
   vertex 0.485575 -0.0266079 -1
   vertex 0.479529 -0.0267906 -1
  endloop
 endfacet
 facet normal 0 -0 1
  outer loop
   vertex 0.485575 -0.0266079 1
   vertex 0.485575 0.0266079 1
   vertex 0.479529 -0.0267906 1
  endloop
 endfacet
 facet normal -0 0 -1
  outer loop
   vertex 0.72756 0.0164943 -1
   vertex 0.72151 -0.0168027 -1
   vertex 0.72151 0.0168027 -1
  endloop
 endfacet
 facet normal 0 0 1
  outer loop
   vertex 0.72151 -0.0168027 1
   vertex 0.72756 0.0164943 1
   vertex 0.72151 0.0168027 1
  endloop
 endfacet
 facet normal 0 -0 -1
  outer loop
   vertex 0.491621 0.0264209 -1
   vertex 0.491621 -0.0264209 -1
   vertex 0.485575 -0.0266079 -1
  endloop
 endfacet
 facet normal 0 -0 1
  outer loop
   vertex 0.491621 -0.0264209 1
   vertex 0.491621 0.0264209 1
   vertex 0.485575 -0.0266079 1
  endloop
 endfacet
 facet normal -0 0 -1
  outer loop
   vertex 0.733611 0.0161835 -1
   vertex 0.72756 -0.0164943 -1
   vertex 0.72756 0.0164943 -1
  endloop
 endfacet
 facet normal 0 0 1
  outer loop
   vertex 0.72756 -0.0164943 1
   vertex 0.733611 0.0161835 1
   vertex 0.72756 0.0164943 1
  endloop
 endfacet
 facet normal 0 -0 -1
  outer loop
   vertex 0.497668 0.0262299 -1
   vertex 0.497668 -0.0262299 -1
   vertex 0.491621 -0.0264209 -1
  endloop
 endfacet
 facet normal 0 -0 1
  outer loop
   vertex 0.497668 -0.0262299 1
   vertex 0.497668 0.0262299 1
   vertex 0.491621 -0.0264209 1
  endloop
 endfacet
 facet normal -0 0 -1
  outer loop
   vertex 0.739661 0.0158701 -1
   vertex 0.733611 -0.0161835 -1
   vertex 0.733611 0.0161835 -1
  endloop
 endfacet
 facet normal 0 0 1
  outer loop
   vertex 0.733611 -0.0161835 1
   vertex 0.739661 0.0158701 1
   vertex 0.733611 0.0161835 1
  endloop
 endfacet
 facet normal 0 -0 -1
  outer loop
   vertex 0.503715 0.0260348 -1
   vertex 0.503715 -0.0260348 -1
   vertex 0.497668 -0.0262299 -1
  endloop
 endfacet
 facet normal 0 -0 1
  outer loop
   vertex 0.503715 -0.0260348 1
   vertex 0.503715 0.0260348 1
   vertex 0.497668 -0.0262299 1
  endloop
 endfacet
 facet normal -0 0 -1
  outer loop
   vertex 0.745711 0.0155543 -1
   vertex 0.739661 -0.0158701 -1
   vertex 0.739661 0.0158701 -1
  endloop
 endfacet
 facet normal 0 0 1
  outer loop
   vertex 0.739661 -0.0158701 1
   vertex 0.745711 0.0155543 1
   vertex 0.739661 0.0158701 1
  endloop
 endfacet
 facet normal 0 -0 -1
  outer loop
   vertex 0.509763 0.0258358 -1
   vertex 0.509763 -0.0258358 -1
   vertex 0.503715 -0.0260348 -1
  endloop
 endfacet
 facet normal 0 -0 1
  outer loop
   vertex 0.509763 -0.0258358 1
   vertex 0.509763 0.0258358 1
   vertex 0.503715 -0.0260348 1
  endloop
 endfacet
 facet normal -0 0 -1
  outer loop
   vertex 0.751762 0.0152361 -1
   vertex 0.745711 -0.0155543 -1
   vertex 0.745711 0.0155543 -1
  endloop
 endfacet
 facet normal 0 0 1
  outer loop
   vertex 0.745711 -0.0155543 1
   vertex 0.751762 0.0152361 1
   vertex 0.745711 0.0155543 1
  endloop
 endfacet
 facet normal 0 -0 -1
  outer loop
   vertex 0.51581 0.0256328 -1
   vertex 0.51581 -0.0256328 -1
   vertex 0.509763 -0.0258358 -1
  endloop
 endfacet
 facet normal 0 -0 1
  outer loop
   vertex 0.51581 -0.0256328 1
   vertex 0.51581 0.0256328 1
   vertex 0.509763 -0.0258358 1
  endloop
 endfacet
 facet normal 0 -0 -1
  outer loop
   vertex 0.521858 0.025426 -1
   vertex 0.521858 -0.025426 -1
   vertex 0.51581 -0.0256328 -1
  endloop
 endfacet
 facet normal 0 -0 1
  outer loop
   vertex 0.521858 -0.025426 1
   vertex 0.521858 0.025426 1
   vertex 0.51581 -0.0256328 1
  endloop
 endfacet
 facet normal -0 0 -1
  outer loop
   vertex 0.757812 0.0149154 -1
   vertex 0.751762 -0.0152361 -1
   vertex 0.751762 0.0152361 -1
  endloop
 endfacet
 facet normal 0 0 1
  outer loop
   vertex 0.751762 -0.0152361 1
   vertex 0.757812 0.0149154 1
   vertex 0.751762 0.0152361 1
  endloop
 endfacet
 facet normal 0 -0 -1
  outer loop
   vertex 0.527906 0.0252155 -1
   vertex 0.527906 -0.0252155 -1
   vertex 0.521858 -0.025426 -1
  endloop
 endfacet
 facet normal 0 -0 1
  outer loop
   vertex 0.527906 -0.0252155 1
   vertex 0.527906 0.0252155 1
   vertex 0.521858 -0.025426 1
  endloop
 endfacet
 facet normal -0 0 -1
  outer loop
   vertex 0.763862 0.0145923 -1
   vertex 0.757812 -0.0149154 -1
   vertex 0.757812 0.0149154 -1
  endloop
 endfacet
 facet normal 0 0 1
  outer loop
   vertex 0.757812 -0.0149154 1
   vertex 0.763862 0.0145923 1
   vertex 0.757812 0.0149154 1
  endloop
 endfacet
 facet normal 0 -0 -1
  outer loop
   vertex 0.533954 0.0250013 -1
   vertex 0.533954 -0.0250013 -1
   vertex 0.527906 -0.0252155 -1
  endloop
 endfacet
 facet normal 0 -0 1
  outer loop
   vertex 0.533954 -0.0250013 1
   vertex 0.533954 0.0250013 1
   vertex 0.527906 -0.0252155 1
  endloop
 endfacet
 facet normal 0 -0 -1
  outer loop
   vertex 0.540003 0.0247835 -1
   vertex 0.540003 -0.0247835 -1
   vertex 0.533954 -0.0250013 -1
  endloop
 endfacet
 facet normal 0 -0 1
  outer loop
   vertex 0.540003 -0.0247835 1
   vertex 0.540003 0.0247835 1
   vertex 0.533954 -0.0250013 1
  endloop
 endfacet
 facet normal -0 0 -1
  outer loop
   vertex 0.769912 0.0142668 -1
   vertex 0.763862 -0.0145923 -1
   vertex 0.763862 0.0145923 -1
  endloop
 endfacet
 facet normal 0 0 1
  outer loop
   vertex 0.763862 -0.0145923 1
   vertex 0.769912 0.0142668 1
   vertex 0.763862 0.0145923 1
  endloop
 endfacet
 facet normal 0 -0 -1
  outer loop
   vertex 0.546052 0.0245621 -1
   vertex 0.546052 -0.0245621 -1
   vertex 0.540003 -0.0247835 -1
  endloop
 endfacet
 facet normal 0 -0 1
  outer loop
   vertex 0.546052 -0.0245621 1
   vertex 0.546052 0.0245621 1
   vertex 0.540003 -0.0247835 1
  endloop
 endfacet
 facet normal -0 0 -1
  outer loop
   vertex 0.775962 0.0139388 -1
   vertex 0.769912 -0.0142668 -1
   vertex 0.769912 0.0142668 -1
  endloop
 endfacet
 facet normal 0 0 1
  outer loop
   vertex 0.769912 -0.0142668 1
   vertex 0.775962 0.0139388 1
   vertex 0.769912 0.0142668 1
  endloop
 endfacet
 facet normal 0 -0 -1
  outer loop
   vertex 0.5521 0.0243371 -1
   vertex 0.5521 -0.0243371 -1
   vertex 0.546052 -0.0245621 -1
  endloop
 endfacet
 facet normal 0 -0 1
  outer loop
   vertex 0.5521 -0.0243371 1
   vertex 0.5521 0.0243371 1
   vertex 0.546052 -0.0245621 1
  endloop
 endfacet
 facet normal -0 0 -1
  outer loop
   vertex 0.782011 0.0136084 -1
   vertex 0.775962 -0.0139388 -1
   vertex 0.775962 0.0139388 -1
  endloop
 endfacet
 facet normal 0 0 1
  outer loop
   vertex 0.775962 -0.0139388 1
   vertex 0.782011 0.0136084 1
   vertex 0.775962 0.0139388 1
  endloop
 endfacet
 facet normal 0 -0 -1
  outer loop
   vertex 0.55815 0.0241088 -1
   vertex 0.55815 -0.0241088 -1
   vertex 0.5521 -0.0243371 -1
  endloop
 endfacet
 facet normal 0 -0 1
  outer loop
   vertex 0.55815 -0.0241088 1
   vertex 0.55815 0.0241088 1
   vertex 0.5521 -0.0243371 1
  endloop
 endfacet
 facet normal 0 -0 -1
  outer loop
   vertex 0.564199 0.023877 -1
   vertex 0.564199 -0.023877 -1
   vertex 0.55815 -0.0241088 -1
  endloop
 endfacet
 facet normal 0 -0 1
  outer loop
   vertex 0.564199 -0.023877 1
   vertex 0.564199 0.023877 1
   vertex 0.55815 -0.0241088 1
  endloop
 endfacet
 facet normal -0 0 -1
  outer loop
   vertex 0.788061 0.0132756 -1
   vertex 0.782011 -0.0136084 -1
   vertex 0.782011 0.0136084 -1
  endloop
 endfacet
 facet normal 0 0 1
  outer loop
   vertex 0.782011 -0.0136084 1
   vertex 0.788061 0.0132756 1
   vertex 0.782011 0.0136084 1
  endloop
 endfacet
 facet normal 0 -0 -1
  outer loop
   vertex 0.570248 0.0236419 -1
   vertex 0.570248 -0.0236419 -1
   vertex 0.564199 -0.023877 -1
  endloop
 endfacet
 facet normal 0 -0 1
  outer loop
   vertex 0.570248 -0.0236419 1
   vertex 0.570248 0.0236419 1
   vertex 0.564199 -0.023877 1
  endloop
 endfacet
 facet normal -0 0 -1
  outer loop
   vertex 0.79411 0.0129403 -1
   vertex 0.788061 -0.0132756 -1
   vertex 0.788061 0.0132756 -1
  endloop
 endfacet
 facet normal 0 0 1
  outer loop
   vertex 0.788061 -0.0132756 1
   vertex 0.79411 0.0129403 1
   vertex 0.788061 0.0132756 1
  endloop
 endfacet
 facet normal 0 -0 -1
  outer loop
   vertex 0.576298 0.0234035 -1
   vertex 0.576298 -0.0234035 -1
   vertex 0.570248 -0.0236419 -1
  endloop
 endfacet
 facet normal 0 -0 1
  outer loop
   vertex 0.576298 -0.0234035 1
   vertex 0.576298 0.0234035 1
   vertex 0.570248 -0.0236419 1
  endloop
 endfacet
 facet normal 0 -0 -1
  outer loop
   vertex 0.582348 0.0231619 -1
   vertex 0.582348 -0.0231619 -1
   vertex 0.576298 -0.0234035 -1
  endloop
 endfacet
 facet normal 0 -0 1
  outer loop
   vertex 0.582348 -0.0231619 1
   vertex 0.582348 0.0231619 1
   vertex 0.576298 -0.0234035 1
  endloop
 endfacet
 facet normal -0 0 -1
  outer loop
   vertex 0.80016 0.0126026 -1
   vertex 0.79411 -0.0129403 -1
   vertex 0.79411 0.0129403 -1
  endloop
 endfacet
 facet normal 0 0 1
  outer loop
   vertex 0.79411 -0.0129403 1
   vertex 0.80016 0.0126026 1
   vertex 0.79411 0.0129403 1
  endloop
 endfacet
 facet normal 0 -0 -1
  outer loop
   vertex 0.588397 0.0229171 -1
   vertex 0.588397 -0.0229171 -1
   vertex 0.582348 -0.0231619 -1
  endloop
 endfacet
 facet normal 0 -0 1
  outer loop
   vertex 0.588397 -0.0229171 1
   vertex 0.588397 0.0229171 1
   vertex 0.582348 -0.0231619 1
  endloop
 endfacet
 facet normal -0 0 -1
  outer loop
   vertex 0.806209 0.0122625 -1
   vertex 0.80016 -0.0126026 -1
   vertex 0.80016 0.0126026 -1
  endloop
 endfacet
 facet normal 0 0 1
  outer loop
   vertex 0.80016 -0.0126026 1
   vertex 0.806209 0.0122625 1
   vertex 0.80016 0.0126026 1
  endloop
 endfacet
 facet normal 0 -0 -1
  outer loop
   vertex 0.594447 0.0226691 -1
   vertex 0.594447 -0.0226691 -1
   vertex 0.588397 -0.0229171 -1
  endloop
 endfacet
 facet normal 0 -0 1
  outer loop
   vertex 0.594447 -0.0226691 1
   vertex 0.594447 0.0226691 1
   vertex 0.588397 -0.0229171 1
  endloop
 endfacet
 facet normal -0 0 -1
  outer loop
   vertex 0.812258 0.01192 -1
   vertex 0.806209 -0.0122625 -1
   vertex 0.806209 0.0122625 -1
  endloop
 endfacet
 facet normal 0 0 1
  outer loop
   vertex 0.806209 -0.0122625 1
   vertex 0.812258 0.01192 1
   vertex 0.806209 0.0122625 1
  endloop
 endfacet
 facet normal 0 -0 -1
  outer loop
   vertex 0.600497 0.0224181 -1
   vertex 0.600497 -0.0224181 -1
   vertex 0.594447 -0.0226691 -1
  endloop
 endfacet
 facet normal 0 -0 1
  outer loop
   vertex 0.600497 -0.0224181 1
   vertex 0.600497 0.0224181 1
   vertex 0.594447 -0.0226691 1
  endloop
 endfacet
 facet normal 0 -0 -1
  outer loop
   vertex 0.606547 0.022164 -1
   vertex 0.606547 -0.022164 -1
   vertex 0.600497 -0.0224181 -1
  endloop
 endfacet
 facet normal 0 -0 1
  outer loop
   vertex 0.606547 -0.022164 1
   vertex 0.606547 0.022164 1
   vertex 0.600497 -0.0224181 1
  endloop
 endfacet
 facet normal -0 0 -1
  outer loop
   vertex 0.818307 0.011575 -1
   vertex 0.812258 -0.01192 -1
   vertex 0.812258 0.01192 -1
  endloop
 endfacet
 facet normal 0 0 1
  outer loop
   vertex 0.812258 -0.01192 1
   vertex 0.818307 0.011575 1
   vertex 0.812258 0.01192 1
  endloop
 endfacet
 facet normal 0 -0 -1
  outer loop
   vertex 0.612598 0.0219069 -1
   vertex 0.612598 -0.0219069 -1
   vertex 0.606547 -0.022164 -1
  endloop
 endfacet
 facet normal 0 -0 1
  outer loop
   vertex 0.612598 -0.0219069 1
   vertex 0.612598 0.0219069 1
   vertex 0.606547 -0.022164 1
  endloop
 endfacet
 facet normal -0 0 -1
  outer loop
   vertex 0.824355 0.0112276 -1
   vertex 0.818307 -0.011575 -1
   vertex 0.818307 0.011575 -1
  endloop
 endfacet
 facet normal 0 0 1
  outer loop
   vertex 0.818307 -0.011575 1
   vertex 0.824355 0.0112276 1
   vertex 0.818307 0.011575 1
  endloop
 endfacet
 facet normal 0 -0 -1
  outer loop
   vertex 0.618648 0.0216468 -1
   vertex 0.618648 -0.0216468 -1
   vertex 0.612598 -0.0219069 -1
  endloop
 endfacet
 facet normal 0 -0 1
  outer loop
   vertex 0.618648 -0.0216468 1
   vertex 0.618648 0.0216468 1
   vertex 0.612598 -0.0219069 1
  endloop
 endfacet
 facet normal 0 -0 -1
  outer loop
   vertex 0.624699 0.0213838 -1
   vertex 0.624699 -0.0213838 -1
   vertex 0.618648 -0.0216468 -1
  endloop
 endfacet
 facet normal 0 -0 1
  outer loop
   vertex 0.624699 -0.0213838 1
   vertex 0.624699 0.0213838 1
   vertex 0.618648 -0.0216468 1
  endloop
 endfacet
 facet normal -0 0 -1
  outer loop
   vertex 0.830404 0.0108778 -1
   vertex 0.824355 -0.0112276 -1
   vertex 0.824355 0.0112276 -1
  endloop
 endfacet
 facet normal 0 0 1
  outer loop
   vertex 0.824355 -0.0112276 1
   vertex 0.830404 0.0108778 1
   vertex 0.824355 0.0112276 1
  endloop
 endfacet
 facet normal 0 -0 -1
  outer loop
   vertex 0.630749 0.0211179 -1
   vertex 0.630749 -0.0211179 -1
   vertex 0.624699 -0.0213838 -1
  endloop
 endfacet
 facet normal 0 -0 1
  outer loop
   vertex 0.630749 -0.0211179 1
   vertex 0.630749 0.0211179 1
   vertex 0.624699 -0.0213838 1
  endloop
 endfacet
 facet normal -0 0 -1
  outer loop
   vertex 0.836452 0.0105255 -1
   vertex 0.830404 -0.0108778 -1
   vertex 0.830404 0.0108778 -1
  endloop
 endfacet
 facet normal 0 0 1
  outer loop
   vertex 0.830404 -0.0108778 1
   vertex 0.836452 0.0105255 1
   vertex 0.830404 0.0108778 1
  endloop
 endfacet
 facet normal 0 -0 -1
  outer loop
   vertex 0.6368 0.0208491 -1
   vertex 0.6368 -0.0208491 -1
   vertex 0.630749 -0.0211179 -1
  endloop
 endfacet
 facet normal 0 -0 1
  outer loop
   vertex 0.6368 -0.0208491 1
   vertex 0.6368 0.0208491 1
   vertex 0.630749 -0.0211179 1
  endloop
 endfacet
 facet normal -0 0 -1
  outer loop
   vertex 0.8425 0.0101707 -1
   vertex 0.836452 -0.0105255 -1
   vertex 0.836452 0.0105255 -1
  endloop
 endfacet
 facet normal 0 0 1
  outer loop
   vertex 0.836452 -0.0105255 1
   vertex 0.8425 0.0101707 1
   vertex 0.836452 0.0105255 1
  endloop
 endfacet
 facet normal 0 -0 -1
  outer loop
   vertex 0.64285 0.0205775 -1
   vertex 0.64285 -0.0205775 -1
   vertex 0.6368 -0.0208491 -1
  endloop
 endfacet
 facet normal 0 -0 1
  outer loop
   vertex 0.64285 -0.0205775 1
   vertex 0.64285 0.0205775 1
   vertex 0.6368 -0.0208491 1
  endloop
 endfacet
 facet normal 0 -0 -1
  outer loop
   vertex 0.648901 0.0203031 -1
   vertex 0.648901 -0.0203031 -1
   vertex 0.64285 -0.0205775 -1
  endloop
 endfacet
 facet normal 0 -0 1
  outer loop
   vertex 0.648901 -0.0203031 1
   vertex 0.648901 0.0203031 1
   vertex 0.64285 -0.0205775 1
  endloop
 endfacet
 facet normal -0 0 -1
  outer loop
   vertex 0.848548 0.00981344 -1
   vertex 0.8425 -0.0101707 -1
   vertex 0.8425 0.0101707 -1
  endloop
 endfacet
 facet normal 0 0 1
  outer loop
   vertex 0.8425 -0.0101707 1
   vertex 0.848548 0.00981344 1
   vertex 0.8425 0.0101707 1
  endloop
 endfacet
 facet normal 0 -0 -1
  outer loop
   vertex 0.654952 0.020026 -1
   vertex 0.654952 -0.020026 -1
   vertex 0.648901 -0.0203031 -1
  endloop
 endfacet
 facet normal 0 -0 1
  outer loop
   vertex 0.654952 -0.020026 1
   vertex 0.654952 0.020026 1
   vertex 0.648901 -0.0203031 1
  endloop
 endfacet
 facet normal -0 0 -1
  outer loop
   vertex 0.854596 0.00945371 -1
   vertex 0.848548 -0.00981344 -1
   vertex 0.848548 0.00981344 -1
  endloop
 endfacet
 facet normal 0 0 1
  outer loop
   vertex 0.848548 -0.00981344 1
   vertex 0.854596 0.00945371 1
   vertex 0.848548 0.00981344 1
  endloop
 endfacet
 facet normal 0 -0 -1
  outer loop
   vertex 0.661002 0.0197461 -1
   vertex 0.661002 -0.0197461 -1
   vertex 0.654952 -0.020026 -1
  endloop
 endfacet
 facet normal 0 -0 1
  outer loop
   vertex 0.661002 -0.0197461 1
   vertex 0.661002 0.0197461 1
   vertex 0.654952 -0.020026 1
  endloop
 endfacet
 facet normal 0 -0 -1
  outer loop
   vertex 0.667053 0.0194635 -1
   vertex 0.667053 -0.0194635 -1
   vertex 0.661002 -0.0197461 -1
  endloop
 endfacet
 facet normal 0 -0 1
  outer loop
   vertex 0.667053 -0.0194635 1
   vertex 0.667053 0.0194635 1
   vertex 0.661002 -0.0197461 1
  endloop
 endfacet
 facet normal -0 0 -1
  outer loop
   vertex 0.860643 0.00909148 -1
   vertex 0.854596 -0.00945371 -1
   vertex 0.854596 0.00945371 -1
  endloop
 endfacet
 facet normal 0 0 1
  outer loop
   vertex 0.854596 -0.00945371 1
   vertex 0.860643 0.00909148 1
   vertex 0.854596 0.00945371 1
  endloop
 endfacet
 facet normal 0 -0 -1
  outer loop
   vertex 0.673104 0.0191783 -1
   vertex 0.673104 -0.0191783 -1
   vertex 0.667053 -0.0194635 -1
  endloop
 endfacet
 facet normal 0 -0 1
  outer loop
   vertex 0.673104 -0.0191783 1
   vertex 0.673104 0.0191783 1
   vertex 0.667053 -0.0194635 1
  endloop
 endfacet
 facet normal -0 0 -1
  outer loop
   vertex 0.866691 0.00872673 -1
   vertex 0.860643 -0.00909148 -1
   vertex 0.860643 0.00909148 -1
  endloop
 endfacet
 facet normal 0 0 1
  outer loop
   vertex 0.860643 -0.00909148 1
   vertex 0.866691 0.00872673 1
   vertex 0.860643 0.00909148 1
  endloop
 endfacet
 facet normal 0 -0 -1
  outer loop
   vertex 0.679155 0.0188904 -1
   vertex 0.679155 -0.0188904 -1
   vertex 0.673104 -0.0191783 -1
  endloop
 endfacet
 facet normal 0 -0 1
  outer loop
   vertex 0.679155 -0.0188904 1
   vertex 0.679155 0.0188904 1
   vertex 0.673104 -0.0191783 1
  endloop
 endfacet
 facet normal 0 -0 -1
  outer loop
   vertex 0.685205 0.0185998 -1
   vertex 0.685205 -0.0185998 -1
   vertex 0.679155 -0.0188904 -1
  endloop
 endfacet
 facet normal 0 -0 1
  outer loop
   vertex 0.685205 -0.0185998 1
   vertex 0.685205 0.0185998 1
   vertex 0.679155 -0.0188904 1
  endloop
 endfacet
 facet normal -0 0 -1
  outer loop
   vertex 0.872738 0.00835946 -1
   vertex 0.866691 -0.00872673 -1
   vertex 0.866691 0.00872673 -1
  endloop
 endfacet
 facet normal 0 0 1
  outer loop
   vertex 0.866691 -0.00872673 1
   vertex 0.872738 0.00835946 1
   vertex 0.866691 0.00872673 1
  endloop
 endfacet
 facet normal 0 -0 -1
  outer loop
   vertex 0.691256 0.0183067 -1
   vertex 0.691256 -0.0183067 -1
   vertex 0.685205 -0.0185998 -1
  endloop
 endfacet
 facet normal 0 -0 1
  outer loop
   vertex 0.691256 -0.0183067 1
   vertex 0.691256 0.0183067 1
   vertex 0.685205 -0.0185998 1
  endloop
 endfacet
 facet normal -0 0 -1
  outer loop
   vertex 0.878784 0.00798965 -1
   vertex 0.872738 -0.00835946 -1
   vertex 0.872738 0.00835946 -1
  endloop
 endfacet
 facet normal 0 0 1
  outer loop
   vertex 0.872738 -0.00835946 1
   vertex 0.878784 0.00798965 1
   vertex 0.872738 0.00835946 1
  endloop
 endfacet
 facet normal 0 -0 -1
  outer loop
   vertex 0.697307 0.018011 -1
   vertex 0.697307 -0.018011 -1
   vertex 0.691256 -0.0183067 -1
  endloop
 endfacet
 facet normal 0 -0 1
  outer loop
   vertex 0.697307 -0.018011 1
   vertex 0.697307 0.018011 1
   vertex 0.691256 -0.0183067 1
  endloop
 endfacet
 facet normal -0 0 -1
  outer loop
   vertex 0.884831 0.00761727 -1
   vertex 0.878784 -0.00798965 -1
   vertex 0.878784 0.00798965 -1
  endloop
 endfacet
 facet normal 0 0 1
  outer loop
   vertex 0.878784 -0.00798965 1
   vertex 0.884831 0.00761727 1
   vertex 0.878784 0.00798965 1
  endloop
 endfacet
 facet normal 0 -0 -1
  outer loop
   vertex 0.703358 0.0177127 -1
   vertex 0.703358 -0.0177127 -1
   vertex 0.697307 -0.018011 -1
  endloop
 endfacet
 facet normal 0 -0 1
  outer loop
   vertex 0.703358 -0.0177127 1
   vertex 0.703358 0.0177127 1
   vertex 0.697307 -0.018011 1
  endloop
 endfacet
 facet normal 0 -0 -1
  outer loop
   vertex 0.709408 0.0174119 -1
   vertex 0.709408 -0.0174119 -1
   vertex 0.703358 -0.0177127 -1
  endloop
 endfacet
 facet normal 0 -0 1
  outer loop
   vertex 0.709408 -0.0174119 1
   vertex 0.709408 0.0174119 1
   vertex 0.703358 -0.0177127 1
  endloop
 endfacet
 facet normal -0 0 -1
  outer loop
   vertex 0.890877 0.00724232 -1
   vertex 0.884831 -0.00761727 -1
   vertex 0.884831 0.00761727 -1
  endloop
 endfacet
 facet normal 0 0 1
  outer loop
   vertex 0.884831 -0.00761727 1
   vertex 0.890877 0.00724232 1
   vertex 0.884831 0.00761727 1
  endloop
 endfacet
 facet normal 0 -0 -1
  outer loop
   vertex 0.715459 0.0171085 -1
   vertex 0.715459 -0.0171085 -1
   vertex 0.709408 -0.0174119 -1
  endloop
 endfacet
 facet normal 0 -0 1
  outer loop
   vertex 0.715459 -0.0171085 1
   vertex 0.715459 0.0171085 1
   vertex 0.709408 -0.0174119 1
  endloop
 endfacet
 facet normal -0 0 -1
  outer loop
   vertex 0.896923 0.00686476 -1
   vertex 0.890877 -0.00724232 -1
   vertex 0.890877 0.00724232 -1
  endloop
 endfacet
 facet normal 0 0 1
  outer loop
   vertex 0.890877 -0.00724232 1
   vertex 0.896923 0.00686476 1
   vertex 0.890877 0.00724232 1
  endloop
 endfacet
 facet normal 0 -0 -1
  outer loop
   vertex 0.72151 0.0168027 -1
   vertex 0.72151 -0.0168027 -1
   vertex 0.715459 -0.0171085 -1
  endloop
 endfacet
 facet normal 0 -0 1
  outer loop
   vertex 0.72151 -0.0168027 1
   vertex 0.72151 0.0168027 1
   vertex 0.715459 -0.0171085 1
  endloop
 endfacet
 facet normal 0 -0 -1
  outer loop
   vertex 0.72756 0.0164943 -1
   vertex 0.72756 -0.0164943 -1
   vertex 0.72151 -0.0168027 -1
  endloop
 endfacet
 facet normal 0 -0 1
  outer loop
   vertex 0.72756 -0.0164943 1
   vertex 0.72756 0.0164943 1
   vertex 0.72151 -0.0168027 1
  endloop
 endfacet
 facet normal -0 0 -1
  outer loop
   vertex 0.902968 0.00648459 -1
   vertex 0.896923 -0.00686476 -1
   vertex 0.896923 0.00686476 -1
  endloop
 endfacet
 facet normal 0 0 1
  outer loop
   vertex 0.896923 -0.00686476 1
   vertex 0.902968 0.00648459 1
   vertex 0.896923 0.00686476 1
  endloop
 endfacet
 facet normal 0 -0 -1
  outer loop
   vertex 0.733611 0.0161835 -1
   vertex 0.733611 -0.0161835 -1
   vertex 0.72756 -0.0164943 -1
  endloop
 endfacet
 facet normal 0 -0 1
  outer loop
   vertex 0.733611 -0.0161835 1
   vertex 0.733611 0.0161835 1
   vertex 0.72756 -0.0164943 1
  endloop
 endfacet
 facet normal -0 0 -1
  outer loop
   vertex 0.909014 0.00610178 -1
   vertex 0.902968 -0.00648459 -1
   vertex 0.902968 0.00648459 -1
  endloop
 endfacet
 facet normal 0 0 1
  outer loop
   vertex 0.902968 -0.00648459 1
   vertex 0.909014 0.00610178 1
   vertex 0.902968 0.00648459 1
  endloop
 endfacet
 facet normal 0 -0 -1
  outer loop
   vertex 0.739661 0.0158701 -1
   vertex 0.739661 -0.0158701 -1
   vertex 0.733611 -0.0161835 -1
  endloop
 endfacet
 facet normal 0 -0 1
  outer loop
   vertex 0.739661 -0.0158701 1
   vertex 0.739661 0.0158701 1
   vertex 0.733611 -0.0161835 1
  endloop
 endfacet
 facet normal 0 -0 -1
  outer loop
   vertex 0.745711 0.0155543 -1
   vertex 0.745711 -0.0155543 -1
   vertex 0.739661 -0.0158701 -1
  endloop
 endfacet
 facet normal 0 -0 1
  outer loop
   vertex 0.745711 -0.0155543 1
   vertex 0.745711 0.0155543 1
   vertex 0.739661 -0.0158701 1
  endloop
 endfacet
 facet normal -0 0 -1
  outer loop
   vertex 0.915059 0.0057163 -1
   vertex 0.909014 -0.00610178 -1
   vertex 0.909014 0.00610178 -1
  endloop
 endfacet
 facet normal 0 0 1
  outer loop
   vertex 0.909014 -0.00610178 1
   vertex 0.915059 0.0057163 1
   vertex 0.909014 0.00610178 1
  endloop
 endfacet
 facet normal 0 -0 -1
  outer loop
   vertex 0.751762 0.0152361 -1
   vertex 0.751762 -0.0152361 -1
   vertex 0.745711 -0.0155543 -1
  endloop
 endfacet
 facet normal 0 -0 1
  outer loop
   vertex 0.751762 -0.0152361 1
   vertex 0.751762 0.0152361 1
   vertex 0.745711 -0.0155543 1
  endloop
 endfacet
 facet normal -0 0 -1
  outer loop
   vertex 0.921103 0.00532814 -1
   vertex 0.915059 -0.0057163 -1
   vertex 0.915059 0.0057163 -1
  endloop
 endfacet
 facet normal 0 0 1
  outer loop
   vertex 0.915059 -0.0057163 1
   vertex 0.921103 0.00532814 1
   vertex 0.915059 0.0057163 1
  endloop
 endfacet
 facet normal 0 -0 -1
  outer loop
   vertex 0.757812 0.0149154 -1
   vertex 0.757812 -0.0149154 -1
   vertex 0.751762 -0.0152361 -1
  endloop
 endfacet
 facet normal 0 -0 1
  outer loop
   vertex 0.757812 -0.0149154 1
   vertex 0.757812 0.0149154 1
   vertex 0.751762 -0.0152361 1
  endloop
 endfacet
 facet normal 0 -0 -1
  outer loop
   vertex 0.763862 0.0145923 -1
   vertex 0.763862 -0.0145923 -1
   vertex 0.757812 -0.0149154 -1
  endloop
 endfacet
 facet normal 0 -0 1
  outer loop
   vertex 0.763862 -0.0145923 1
   vertex 0.763862 0.0145923 1
   vertex 0.757812 -0.0149154 1
  endloop
 endfacet
 facet normal -0 0 -1
  outer loop
   vertex 0.927148 0.00493726 -1
   vertex 0.921103 -0.00532814 -1
   vertex 0.921103 0.00532814 -1
  endloop
 endfacet
 facet normal 0 0 1
  outer loop
   vertex 0.921103 -0.00532814 1
   vertex 0.927148 0.00493726 1
   vertex 0.921103 0.00532814 1
  endloop
 endfacet
 facet normal 0 -0 -1
  outer loop
   vertex 0.769912 0.0142668 -1
   vertex 0.769912 -0.0142668 -1
   vertex 0.763862 -0.0145923 -1
  endloop
 endfacet
 facet normal 0 -0 1
  outer loop
   vertex 0.769912 -0.0142668 1
   vertex 0.769912 0.0142668 1
   vertex 0.763862 -0.0145923 1
  endloop
 endfacet
 facet normal -0 0 -1
  outer loop
   vertex 0.933192 0.00454365 -1
   vertex 0.927148 -0.00493726 -1
   vertex 0.927148 0.00493726 -1
  endloop
 endfacet
 facet normal 0 0 1
  outer loop
   vertex 0.927148 -0.00493726 1
   vertex 0.933192 0.00454365 1
   vertex 0.927148 0.00493726 1
  endloop
 endfacet
 facet normal 0 -0 -1
  outer loop
   vertex 0.775962 0.0139388 -1
   vertex 0.775962 -0.0139388 -1
   vertex 0.769912 -0.0142668 -1
  endloop
 endfacet
 facet normal 0 -0 1
  outer loop
   vertex 0.775962 -0.0139388 1
   vertex 0.775962 0.0139388 1
   vertex 0.769912 -0.0142668 1
  endloop
 endfacet
 facet normal 0 -0 -1
  outer loop
   vertex 0.782011 0.0136084 -1
   vertex 0.782011 -0.0136084 -1
   vertex 0.775962 -0.0139388 -1
  endloop
 endfacet
 facet normal 0 -0 1
  outer loop
   vertex 0.782011 -0.0136084 1
   vertex 0.782011 0.0136084 1
   vertex 0.775962 -0.0139388 1
  endloop
 endfacet
 facet normal -0 0 -1
  outer loop
   vertex 0.939236 0.00414727 -1
   vertex 0.933192 -0.00454365 -1
   vertex 0.933192 0.00454365 -1
  endloop
 endfacet
 facet normal 0 0 1
  outer loop
   vertex 0.933192 -0.00454365 1
   vertex 0.939236 0.00414727 1
   vertex 0.933192 0.00454365 1
  endloop
 endfacet
 facet normal 0 -0 -1
  outer loop
   vertex 0.788061 0.0132756 -1
   vertex 0.788061 -0.0132756 -1
   vertex 0.782011 -0.0136084 -1
  endloop
 endfacet
 facet normal 0 -0 1
  outer loop
   vertex 0.788061 -0.0132756 1
   vertex 0.788061 0.0132756 1
   vertex 0.782011 -0.0136084 1
  endloop
 endfacet
 facet normal 0 -0 -1
  outer loop
   vertex 0.79411 0.0129403 -1
   vertex 0.79411 -0.0129403 -1
   vertex 0.788061 -0.0132756 -1
  endloop
 endfacet
 facet normal 0 -0 1
  outer loop
   vertex 0.79411 -0.0129403 1
   vertex 0.79411 0.0129403 1
   vertex 0.788061 -0.0132756 1
  endloop
 endfacet
 facet normal -0 0 -1
  outer loop
   vertex 0.945279 0.00374812 -1
   vertex 0.939236 -0.00414727 -1
   vertex 0.939236 0.00414727 -1
  endloop
 endfacet
 facet normal 0 0 1
  outer loop
   vertex 0.939236 -0.00414727 1
   vertex 0.945279 0.00374812 1
   vertex 0.939236 0.00414727 1
  endloop
 endfacet
 facet normal 0 -0 -1
  outer loop
   vertex 0.80016 0.0126026 -1
   vertex 0.80016 -0.0126026 -1
   vertex 0.79411 -0.0129403 -1
  endloop
 endfacet
 facet normal 0 -0 1
  outer loop
   vertex 0.80016 -0.0126026 1
   vertex 0.80016 0.0126026 1
   vertex 0.79411 -0.0129403 1
  endloop
 endfacet
 facet normal -0 0 -1
  outer loop
   vertex 0.951321 0.00334616 -1
   vertex 0.945279 -0.00374812 -1
   vertex 0.945279 0.00374812 -1
  endloop
 endfacet
 facet normal 0 0 1
  outer loop
   vertex 0.945279 -0.00374812 1
   vertex 0.951321 0.00334616 1
   vertex 0.945279 0.00374812 1
  endloop
 endfacet
 facet normal 0 -0 -1
  outer loop
   vertex 0.806209 0.0122625 -1
   vertex 0.806209 -0.0122625 -1
   vertex 0.80016 -0.0126026 -1
  endloop
 endfacet
 facet normal 0 -0 1
  outer loop
   vertex 0.806209 -0.0122625 1
   vertex 0.806209 0.0122625 1
   vertex 0.80016 -0.0126026 1
  endloop
 endfacet
 facet normal 0 -0 -1
  outer loop
   vertex 0.812258 0.01192 -1
   vertex 0.812258 -0.01192 -1
   vertex 0.806209 -0.0122625 -1
  endloop
 endfacet
 facet normal 0 -0 1
  outer loop
   vertex 0.812258 -0.01192 1
   vertex 0.812258 0.01192 1
   vertex 0.806209 -0.0122625 1
  endloop
 endfacet
 facet normal -0 0 -1
  outer loop
   vertex 0.957362 0.00294144 -1
   vertex 0.951321 -0.00334616 -1
   vertex 0.951321 0.00334616 -1
  endloop
 endfacet
 facet normal 0 0 1
  outer loop
   vertex 0.951321 -0.00334616 1
   vertex 0.957362 0.00294144 1
   vertex 0.951321 0.00334616 1
  endloop
 endfacet
 facet normal 0 -0 -1
  outer loop
   vertex 0.818307 0.011575 -1
   vertex 0.818307 -0.011575 -1
   vertex 0.812258 -0.01192 -1
  endloop
 endfacet
 facet normal 0 -0 1
  outer loop
   vertex 0.818307 -0.011575 1
   vertex 0.818307 0.011575 1
   vertex 0.812258 -0.01192 1
  endloop
 endfacet
 facet normal -0 0 -1
  outer loop
   vertex 0.963399 0.00253407 -1
   vertex 0.957362 -0.00294144 -1
   vertex 0.957362 0.00294144 -1
  endloop
 endfacet
 facet normal 0 0 1
  outer loop
   vertex 0.957362 -0.00294144 1
   vertex 0.963399 0.00253407 1
   vertex 0.957362 0.00294144 1
  endloop
 endfacet
 facet normal 0 -0 -1
  outer loop
   vertex 0.824355 0.0112276 -1
   vertex 0.824355 -0.0112276 -1
   vertex 0.818307 -0.011575 -1
  endloop
 endfacet
 facet normal 0 -0 1
  outer loop
   vertex 0.824355 -0.0112276 1
   vertex 0.824355 0.0112276 1
   vertex 0.818307 -0.011575 1
  endloop
 endfacet
 facet normal 0 -0 -1
  outer loop
   vertex 0.830404 0.0108778 -1
   vertex 0.830404 -0.0108778 -1
   vertex 0.824355 -0.0112276 -1
  endloop
 endfacet
 facet normal 0 -0 1
  outer loop
   vertex 0.830404 -0.0108778 1
   vertex 0.830404 0.0108778 1
   vertex 0.824355 -0.0112276 1
  endloop
 endfacet
 facet normal -0 0 -1
  outer loop
   vertex 0.969426 0.00212444 -1
   vertex 0.963399 -0.00253407 -1
   vertex 0.963399 0.00253407 -1
  endloop
 endfacet
 facet normal 0 0 1
  outer loop
   vertex 0.963399 -0.00253407 1
   vertex 0.969426 0.00212444 1
   vertex 0.963399 0.00253407 1
  endloop
 endfacet
 facet normal 0 -0 -1
  outer loop
   vertex 0.836452 0.0105255 -1
   vertex 0.836452 -0.0105255 -1
   vertex 0.830404 -0.0108778 -1
  endloop
 endfacet
 facet normal 0 -0 1
  outer loop
   vertex 0.836452 -0.0105255 1
   vertex 0.836452 0.0105255 1
   vertex 0.830404 -0.0108778 1
  endloop
 endfacet
 facet normal 0 -0 -1
  outer loop
   vertex 0.8425 0.0101707 -1
   vertex 0.8425 -0.0101707 -1
   vertex 0.836452 -0.0105255 -1
  endloop
 endfacet
 facet normal 0 -0 1
  outer loop
   vertex 0.8425 -0.0101707 1
   vertex 0.8425 0.0101707 1
   vertex 0.836452 -0.0105255 1
  endloop
 endfacet
 facet normal -0 0 -1
  outer loop
   vertex 0.975425 0.00171376 -1
   vertex 0.969426 -0.00212444 -1
   vertex 0.969426 0.00212444 -1
  endloop
 endfacet
 facet normal 0 0 1
  outer loop
   vertex 0.969426 -0.00212444 1
   vertex 0.975425 0.00171376 1
   vertex 0.969426 0.00212444 1
  endloop
 endfacet
 facet normal 0 -0 -1
  outer loop
   vertex 0.848548 0.00981344 -1
   vertex 0.848548 -0.00981344 -1
   vertex 0.8425 -0.0101707 -1
  endloop
 endfacet
 facet normal 0 -0 1
  outer loop
   vertex 0.848548 -0.00981344 1
   vertex 0.848548 0.00981344 1
   vertex 0.8425 -0.0101707 1
  endloop
 endfacet
 facet normal -0 0 -1
  outer loop
   vertex 0.981349 0.00130533 -1
   vertex 0.975425 -0.00171376 -1
   vertex 0.975425 0.00171376 -1
  endloop
 endfacet
 facet normal 0 0 1
  outer loop
   vertex 0.975425 -0.00171376 1
   vertex 0.981349 0.00130533 1
   vertex 0.975425 0.00171376 1
  endloop
 endfacet
 facet normal 0 -0 -1
  outer loop
   vertex 0.854596 0.00945371 -1
   vertex 0.854596 -0.00945371 -1
   vertex 0.848548 -0.00981344 -1
  endloop
 endfacet
 facet normal 0 -0 1
  outer loop
   vertex 0.854596 -0.00945371 1
   vertex 0.854596 0.00945371 1
   vertex 0.848548 -0.00981344 1
  endloop
 endfacet
 facet normal 0 -0 -1
  outer loop
   vertex 0.860643 0.00909148 -1
   vertex 0.860643 -0.00909148 -1
   vertex 0.854596 -0.00945371 -1
  endloop
 endfacet
 facet normal 0 -0 1
  outer loop
   vertex 0.860643 -0.00909148 1
   vertex 0.860643 0.00909148 1
   vertex 0.854596 -0.00945371 1
  endloop
 endfacet
 facet normal -0 0 -1
  outer loop
   vertex 0.987075 0.000907678 -1
   vertex 0.981349 -0.00130533 -1
   vertex 0.981349 0.00130533 -1
  endloop
 endfacet
 facet normal 0 0 1
  outer loop
   vertex 0.981349 -0.00130533 1
   vertex 0.987075 0.000907678 1
   vertex 0.981349 0.00130533 1
  endloop
 endfacet
 facet normal 0 -0 -1
  outer loop
   vertex 0.866691 0.00872673 -1
   vertex 0.866691 -0.00872673 -1
   vertex 0.860643 -0.00909148 -1
  endloop
 endfacet
 facet normal 0 -0 1
  outer loop
   vertex 0.866691 -0.00872673 1
   vertex 0.866691 0.00872673 1
   vertex 0.860643 -0.00909148 1
  endloop
 endfacet
 facet normal 0 -0 -1
  outer loop
   vertex 0.872738 0.00835946 -1
   vertex 0.872738 -0.00835946 -1
   vertex 0.866691 -0.00872673 -1
  endloop
 endfacet
 facet normal 0 -0 1
  outer loop
   vertex 0.872738 -0.00835946 1
   vertex 0.872738 0.00835946 1
   vertex 0.866691 -0.00872673 1
  endloop
 endfacet
 facet normal -0 0 -1
  outer loop
   vertex 0.992356 0.000538553 -1
   vertex 0.987075 -0.000907678 -1
   vertex 0.987075 0.000907678 -1
  endloop
 endfacet
 facet normal 0 0 1
  outer loop
   vertex 0.987075 -0.000907678 1
   vertex 0.992356 0.000538553 1
   vertex 0.987075 0.000907678 1
  endloop
 endfacet
 facet normal 0 -0 -1
  outer loop
   vertex 0.878784 0.00798965 -1
   vertex 0.878784 -0.00798965 -1
   vertex 0.872738 -0.00835946 -1
  endloop
 endfacet
 facet normal 0 -0 1
  outer loop
   vertex 0.878784 -0.00798965 1
   vertex 0.878784 0.00798965 1
   vertex 0.872738 -0.00835946 1
  endloop
 endfacet
 facet normal -0 0 -1
  outer loop
   vertex 0.996861 0.000221798 -1
   vertex 0.992356 -0.000538553 -1
   vertex 0.992356 0.000538553 -1
  endloop
 endfacet
 facet normal 0 0 1
  outer loop
   vertex 0.992356 -0.000538553 1
   vertex 0.996861 0.000221798 1
   vertex 0.992356 0.000538553 1
  endloop
 endfacet
 facet normal 0 -0 -1
  outer loop
   vertex 0.884831 0.00761727 -1
   vertex 0.884831 -0.00761727 -1
   vertex 0.878784 -0.00798965 -1
  endloop
 endfacet
 facet normal 0 -0 1
  outer loop
   vertex 0.884831 -0.00761727 1
   vertex 0.884831 0.00761727 1
   vertex 0.878784 -0.00798965 1
  endloop
 endfacet
 facet normal 0 -0 -1
  outer loop
   vertex 0.890877 0.00724232 -1
   vertex 0.890877 -0.00724232 -1
   vertex 0.884831 -0.00761727 -1
  endloop
 endfacet
 facet normal 0 -0 1
  outer loop
   vertex 0.890877 -0.00724232 1
   vertex 0.890877 0.00724232 1
   vertex 0.884831 -0.00761727 1
  endloop
 endfacet
 facet normal 0 -0 -1
  outer loop
   vertex 0.896923 0.00686476 -1
   vertex 0.896923 -0.00686476 -1
   vertex 0.890877 -0.00724232 -1
  endloop
 endfacet
 facet normal 0 -0 1
  outer loop
   vertex 0.896923 -0.00686476 1
   vertex 0.896923 0.00686476 1
   vertex 0.890877 -0.00724232 1
  endloop
 endfacet
 facet normal 0 -0 -1
  outer loop
   vertex 0.902968 0.00648459 -1
   vertex 0.902968 -0.00648459 -1
   vertex 0.896923 -0.00686476 -1
  endloop
 endfacet
 facet normal 0 -0 1
  outer loop
   vertex 0.902968 -0.00648459 1
   vertex 0.902968 0.00648459 1
   vertex 0.896923 -0.00686476 1
  endloop
 endfacet
 facet normal 0 -0 -1
  outer loop
   vertex 0.909014 0.00610178 -1
   vertex 0.909014 -0.00610178 -1
   vertex 0.902968 -0.00648459 -1
  endloop
 endfacet
 facet normal 0 -0 1
  outer loop
   vertex 0.909014 -0.00610178 1
   vertex 0.909014 0.00610178 1
   vertex 0.902968 -0.00648459 1
  endloop
 endfacet
 facet normal 0 -0 -1
  outer loop
   vertex 0.915059 0.0057163 -1
   vertex 0.915059 -0.0057163 -1
   vertex 0.909014 -0.00610178 -1
  endloop
 endfacet
 facet normal 0 -0 1
  outer loop
   vertex 0.915059 -0.0057163 1
   vertex 0.915059 0.0057163 1
   vertex 0.909014 -0.00610178 1
  endloop
 endfacet
 facet normal 0 -0 -1
  outer loop
   vertex 0.921103 0.00532814 -1
   vertex 0.921103 -0.00532814 -1
   vertex 0.915059 -0.0057163 -1
  endloop
 endfacet
 facet normal 0 -0 1
  outer loop
   vertex 0.921103 -0.00532814 1
   vertex 0.921103 0.00532814 1
   vertex 0.915059 -0.0057163 1
  endloop
 endfacet
 facet normal 0 -0 -1
  outer loop
   vertex 0.927148 0.00493726 -1
   vertex 0.927148 -0.00493726 -1
   vertex 0.921103 -0.00532814 -1
  endloop
 endfacet
 facet normal 0 -0 1
  outer loop
   vertex 0.927148 -0.00493726 1
   vertex 0.927148 0.00493726 1
   vertex 0.921103 -0.00532814 1
  endloop
 endfacet
 facet normal 0 -0 -1
  outer loop
   vertex 0.933192 0.00454365 -1
   vertex 0.933192 -0.00454365 -1
   vertex 0.927148 -0.00493726 -1
  endloop
 endfacet
 facet normal 0 -0 1
  outer loop
   vertex 0.933192 -0.00454365 1
   vertex 0.933192 0.00454365 1
   vertex 0.927148 -0.00493726 1
  endloop
 endfacet
 facet normal 0 -0 -1
  outer loop
   vertex 0.939236 0.00414727 -1
   vertex 0.939236 -0.00414727 -1
   vertex 0.933192 -0.00454365 -1
  endloop
 endfacet
 facet normal 0 -0 1
  outer loop
   vertex 0.939236 -0.00414727 1
   vertex 0.939236 0.00414727 1
   vertex 0.933192 -0.00454365 1
  endloop
 endfacet
 facet normal 0 -0 -1
  outer loop
   vertex 0.945279 0.00374812 -1
   vertex 0.945279 -0.00374812 -1
   vertex 0.939236 -0.00414727 -1
  endloop
 endfacet
 facet normal 0 -0 1
  outer loop
   vertex 0.945279 -0.00374812 1
   vertex 0.945279 0.00374812 1
   vertex 0.939236 -0.00414727 1
  endloop
 endfacet
 facet normal 0 -0 -1
  outer loop
   vertex 0.951321 0.00334616 -1
   vertex 0.951321 -0.00334616 -1
   vertex 0.945279 -0.00374812 -1
  endloop
 endfacet
 facet normal 0 -0 1
  outer loop
   vertex 0.951321 -0.00334616 1
   vertex 0.951321 0.00334616 1
   vertex 0.945279 -0.00374812 1
  endloop
 endfacet
 facet normal 0 -0 -1
  outer loop
   vertex 0.957362 0.00294144 -1
   vertex 0.957362 -0.00294144 -1
   vertex 0.951321 -0.00334616 -1
  endloop
 endfacet
 facet normal 0 -0 1
  outer loop
   vertex 0.957362 -0.00294144 1
   vertex 0.957362 0.00294144 1
   vertex 0.951321 -0.00334616 1
  endloop
 endfacet
 facet normal 0 -0 -1
  outer loop
   vertex 0.963399 0.00253407 -1
   vertex 0.963399 -0.00253407 -1
   vertex 0.957362 -0.00294144 -1
  endloop
 endfacet
 facet normal 0 -0 1
  outer loop
   vertex 0.963399 -0.00253407 1
   vertex 0.963399 0.00253407 1
   vertex 0.957362 -0.00294144 1
  endloop
 endfacet
 facet normal 0 -0 -1
  outer loop
   vertex 0.969426 0.00212444 -1
   vertex 0.969426 -0.00212444 -1
   vertex 0.963399 -0.00253407 -1
  endloop
 endfacet
 facet normal 0 -0 1
  outer loop
   vertex 0.969426 -0.00212444 1
   vertex 0.969426 0.00212444 1
   vertex 0.963399 -0.00253407 1
  endloop
 endfacet
 facet normal 0 -0 -1
  outer loop
   vertex 0.975425 0.00171376 -1
   vertex 0.975425 -0.00171376 -1
   vertex 0.969426 -0.00212444 -1
  endloop
 endfacet
 facet normal 0 -0 1
  outer loop
   vertex 0.975425 -0.00171376 1
   vertex 0.975425 0.00171376 1
   vertex 0.969426 -0.00212444 1
  endloop
 endfacet
 facet normal 0 -0 -1
  outer loop
   vertex 0.981349 0.00130533 -1
   vertex 0.981349 -0.00130533 -1
   vertex 0.975425 -0.00171376 -1
  endloop
 endfacet
 facet normal 0 -0 1
  outer loop
   vertex 0.981349 -0.00130533 1
   vertex 0.981349 0.00130533 1
   vertex 0.975425 -0.00171376 1
  endloop
 endfacet
 facet normal 0 -0 -1
  outer loop
   vertex 0.987075 0.000907678 -1
   vertex 0.987075 -0.000907678 -1
   vertex 0.981349 -0.00130533 -1
  endloop
 endfacet
 facet normal 0 -0 1
  outer loop
   vertex 0.987075 -0.000907678 1
   vertex 0.987075 0.000907678 1
   vertex 0.981349 -0.00130533 1
  endloop
 endfacet
 facet normal 0 -0 -1
  outer loop
   vertex 0.992356 0.000538553 -1
   vertex 0.992356 -0.000538553 -1
   vertex 0.987075 -0.000907678 -1
  endloop
 endfacet
 facet normal 0 -0 1
  outer loop
   vertex 0.992356 -0.000538553 1
   vertex 0.992356 0.000538553 1
   vertex 0.987075 -0.000907678 1
  endloop
 endfacet
 facet normal 0 -0 -1
  outer loop
   vertex 0.996861 0.000221798 -1
   vertex 0.996861 -0.000221798 -1
   vertex 0.992356 -0.000538553 -1
  endloop
 endfacet
 facet normal 0 -0 1
  outer loop
   vertex 0.996861 -0.000221798 1
   vertex 0.996861 0.000221798 1
   vertex 0.992356 -0.000538553 1
  endloop
 endfacet
 facet normal 0 0 -1
  outer loop
   vertex 0.996861 0.000221798 -1
   vertex 1 0 -1
   vertex 0.996861 -0.000221798 -1
  endloop
 endfacet
 facet normal 0 0 1
  outer loop
   vertex 1 0 1
   vertex 0.996861 0.000221798 1
   vertex 0.996861 -0.000221798 1
  endloop
 endfacet
endsolid patch0
